ESTACIÓN,CÓDIGO,X=N,Y=E,MUNICIPIO,CUENCA,AÑO,ENERO,FEBRERO,MARZO,ABRIL,MAYO,JUNIO,JULIO,AGOSTO,SEPTIEMBRE,OCTUBRE,NOVIEMBRE,DICIEMBRE
Venecia,2120629,1027480,964155,Facatativá,R. Bojacá,1985,0,20.1,21.4,19.9,20.2,18.8,19.5,19.8,19.9,19.2,19,19.9
Venecia,2120629,1027480,964155,Facatativá,R. Bojacá,1986,19.8,18.5,20.3,0,0,19,18,19.2,20.2,20.9,20,20.2
Venecia,2120629,1027480,964155,Facatativá,R. Bojacá,1991,22.5,22,21.9,23,22,21.9,18.1,19,20.5,20,19,18.9
Venecia,2120629,1027480,964155,Facatativá,R. Bojacá,1992,21,22.9,23,21.8,22.5,23,22,22.1,22,21,21,20
Venecia,2120629,1027480,964155,Facatativá,R. Bojacá,1993,18,18,17.2,19,20,18.2,19,20.5,21.5,21,20,20.9
Venecia,2120629,1027480,964155,Facatativá,R. Bojacá,1994,18.9,19.2,21.8,20.9,21.2,22.8,21,20.1,21,19.1,20,20.1
Venecia,2120629,1027480,964155,Facatativá,R. Bojacá,1995,21.1,24,21,20,21,17.8,20,18.2,18.5,18,20,19
Venecia,2120629,1027480,964155,Facatativá,R. Bojacá,1996,18.8,19.5,20,20.5,18.8,20,19.5,19.8,20,20,19.8,21.5
Venecia,2120629,1027480,964155,Facatativá,R. Bojacá,1997,20,23.5,22.5,22,22.2,22.5,21.5,22.8,23,0,20.5,22
Venecia,2120629,1027480,964155,Facatativá,R. Bojacá,1998,22,22.5,22.8,22.2,23.5,21.8,17,18,17.8,17,17.5,0
Venecia,2120629,1027480,964155,Facatativá,R. Bojacá,1999,0,16.5,17,18,18.2,19,18.2,19,19.2,18.2,18.2,18.2
Venecia,2120629,1027480,964155,Facatativá,R. Bojacá,2000,18.5,19.5,18.5,19,18.5,21.5,21.5,19,20,20.5,19.5,20
Venecia,2120629,1027480,964155,Facatativá,R. Bojacá,2001,19.9,19.1,19.5,19.9,19.8,18.4,17.5,17.2,17.1,19,18.2,18
Venecia,2120629,1027480,964155,Facatativá,R. Bojacá,2002,17,19,18.5,17,0,0,16.9,17.1,17.7,16.9,0,0
Venecia,2120629,1027480,964155,Facatativá,R. Bojacá,2003,18.5,19,19.2,18,18,18,11,0,0,0,0,0
Venecia,2120629,1027480,964155,Facatativá,R. Bojacá,2004,12,12.4,11.4,11.6,12.8,12,11.8,12.2,11.9,12.8,13,13
Venecia,2120629,1027480,964155,Facatativá,R. Bojacá,2005,12.4,12.9,12.8,13.8,13.7,12.8,12.8,17,18.5,14,17.5,17
Venecia,2120629,1027480,964155,Facatativá,R. Bojacá,2006,26,21,17,18,19,18,17.5,20,21,22,21,21
Venecia,2120629,1027480,964155,Facatativá,R. Bojacá,2007,21,22.8,19.6,18,0,0,0,0,0,0,0,18
Venecia,2120629,1027480,964155,Facatativá,R. Bojacá,2008,18,18,19.7,20,19,22.2,19.5,20,20.5,21,20,20
Venecia,2120629,1027480,964155,Facatativá,R. Bojacá,2009,20,20,19.2,20.2,20,21,0,0,21,22,21,22
Venecia,2120629,1027480,964155,Facatativá,R. Bojacá,2010,22,21.5,21.5,20,20.8,0,14,18,20.5,17.8,17.5,18
Venecia,2120629,1027480,964155,Facatativá,R. Bojacá,2011,20,19,19.5,19,19.5,20,19,18.5,19,20.7,17,21
Venecia,2120629,1027480,964155,Facatativá,R. Bojacá,2012,21.5,20,20,20,19,21,19,19,19.6,21,20.9,19.5
Venecia,2120629,1027480,964155,Facatativá,R. Bojacá,2013,20.9,20,19.3,19.4,18.4,19.3,19,16.6,19,17,19,19.5
Venecia,2120629,1027480,964155,Facatativá,R. Bojacá,2014,19.3,18.8,20,19.2,20.6,18.7,18.6,18.9,17.1,18.2,19.2,19.8
Venecia,2120629,1027480,964155,Facatativá,R. Bojacá,2015,18.9,18,17,19.9,19.8,18.8,19.3,18.5,20.9,19.9,19.3,20.7
Venecia,2120629,1027480,964155,Facatativá,R. Bojacá,2016,19.4,20.2,21,20.8,19.8,19.8,19.4,20.4,18.8,19.7,18.4,19.6
Venecia,2120629,1027480,964155,Facatativá,R. Bojacá,2017,18.6,22.9,20.4,22.5,21.4,21.3,21.9,20.4,20.1,19.9,19.1,18.5
Venecia,2120629,1027480,964155,Facatativá,R. Bojacá,2018,19.2,19.6,19.5,19.5,21.1,20.3,18.7,20.2,21.5,20.6,20.5,20.2
Venecia,2120629,1027480,964155,Facatativá,R. Bojacá,2019,20.5,20.8,20.8,20.7,20.3,18.9,0,0,0,0,0,0
Univ. Fusagasugá,2119514,967023,982265,Fusagasugá,R. Subia,1996,0,0,0,0,0,0,27,28,29.2,28,28.8,27.5
Univ. Fusagasugá,2119514,967023,982265,Fusagasugá,R. Subia,1997,26,27,28.2,26,25.5,27,25.5,29.8,28.5,28.5,27.5,28.5
Univ. Fusagasugá,2119514,967023,982265,Fusagasugá,R. Subia,1998,28.8,30,29,28.5,28,26.5,25.2,28,27.5,28,26,23.5
Univ. Fusagasugá,2119514,967023,982265,Fusagasugá,R. Subia,1999,22.2,23,25.2,26,27,27,26.5,27,26,25.9,25.8,26.7
Univ. Fusagasugá,2119514,967023,982265,Fusagasugá,R. Subia,2000,27,27,27,26.5,25,26,0,28,26.5,26,26,0
Univ. Fusagasugá,2119514,967023,982265,Fusagasugá,R. Subia,2001,26.5,28,28.5,26.5,28.5,27,30.5,28,27,28,26,0
Univ. Fusagasugá,2119514,967023,982265,Fusagasugá,R. Subia,2002,30,30,28,26.5,29,25.5,0,0,0,0,0,0
Univ. Fusagasugá,2119514,967023,982265,Fusagasugá,R. Subia,2006,26.5,26,0,0,25,0,0,0,0,0,0,0
Univ. Fusagasugá,2119514,967023,982265,Fusagasugá,R. Subia,2007,27,28,27.7,26.2,0,0,28,28,30,31.1,28.1,24.1
Univ. Fusagasugá,2119514,967023,982265,Fusagasugá,R. Subia,2008,27.3,27.4,27.3,29.5,27.7,28.1,28.6,28.1,0,29,27,
Univ. Fusagasugá,2119514,967023,982265,Fusagasugá,R. Subia,2009,27.6,29.4,29.7,27.8,29.8,30.5,29,31.6,31.2,31.4,27.5,28.2
Univ. Fusagasugá,2119514,967023,982265,Fusagasugá,R. Subia,2010,30.9,30,29.2,30.8,29.9,29.6,29,29,29.9,28.6,27.5,25
Univ. Fusagasugá,2119514,967023,982265,Fusagasugá,R. Subia,2011,28,27,26,26.5,26,27.6,28.1,29.2,31,30.2,31,30.2
Univ. Fusagasugá,2119514,967023,982265,Fusagasugá,R. Subia,2012,29.2,28,28,27,25.5,27,31,28,33,31.4,30.1,25.5
Univ. Fusagasugá,2119514,967023,982265,Fusagasugá,R. Subia,2013,27.3,26,27,26.8,26.4,26.2,0,24.3,29.5,26.8,25.8,28.5
Univ. Fusagasugá,2119514,967023,982265,Fusagasugá,R. Subia,2014,28.1,25.2,23.9,26.2,25.1,25.8,27.9,27.4,27.2,26.3,24.3,27
Univ. Fusagasugá,2119514,967023,982265,Fusagasugá,R. Subia,2015,28.2,28.2,28.9,26.9,27.6,26,27.9,28.1,28.6,28.5,27,28.9
Univ. Fusagasugá,2119514,967023,982265,Fusagasugá,R. Subia,2016,28.9,28.2,28.7,26.9,29,26.9,27,27.5,28.2,26.7,25,25.1
Univ. Fusagasugá,2119514,967023,982265,Fusagasugá,R. Subia,2017,25.4,28.6,24.6,0,23.6,26.6,26.6,26.6,33.1,27.6,26.2,26
Univ. Fusagasugá,2119514,967023,982265,Fusagasugá,R. Subia,2018,27.1,26.3,27.4,25,26,26,26.6,26.8,26.8,27.3,26,26.2
Univ. Fusagasugá,2119514,967023,982265,Fusagasugá,R. Subia,2019,28,28,27.4,26.1,27.5,22.6,0,0,0,0,0,0
Tabio,2120565,1035180,998070,Tabio,R. Chicú,1970,0,0,0,0,0,0,22,21,22.9,21.8,22.2,22.7
Tabio,2120565,1035180,998070,Tabio,R. Chicú,1971,23.4,23.9,23.1,23,21.9,21.3,20.8,22.6,23,22.9,24.4,24.2
Tabio,2120565,1035180,998070,Tabio,R. Chicú,1972,23,24,24.7,23.3,23.2,21.7,22.2,22.8,24.7,24.8,24.5,25
Tabio,2120565,1035180,998070,Tabio,R. Chicú,1973,25.7,27,26.7,25,25.2,23.5,23.9,23.5,23.2,25.1,24.7,25.2
Tabio,2120565,1035180,998070,Tabio,R. Chicú,1974,25,24.5,24.5,24,22.8,23.9,25,25,25,24,25.3,25.1
Tabio,2120565,1035180,998070,Tabio,R. Chicú,1975,25,25.7,23.9,24,22.2,19.2,21.7,20.1,21.9,22,21.2,22.2
Tabio,2120565,1035180,998070,Tabio,R. Chicú,1976,23.2,20.9,0,0,19,20.3,19.3,23.2,22.8,23.2,22,22.6
Tabio,2120565,1035180,998070,Tabio,R. Chicú,1977,24,22.8,24.5,26,23,22.1,21,22.5,23.8,24.5,24.5,25.5
Tabio,2120565,1035180,998070,Tabio,R. Chicú,1978,25.9,27,26,23,22.8,20.9,21.1,21.9,24.1,25,23.8,23.6
Tabio,2120565,1035180,998070,Tabio,R. Chicú,1979,24,0,21.8,21.2,20,21.6,20.4,20.7,22.4,21.2,22.6,22.2
Tabio,2120565,1035180,998070,Tabio,R. Chicú,1980,23.2,22.7,22.2,22.4,21.7,21.2,21,20.9,22.2,21.9,22.2,22.2
Tabio,2120565,1035180,998070,Tabio,R. Chicú,1981,21.8,19.4,22,21.1,21.2,21,20.1,19.2,20.1,22.8,22.6,21.9
Tabio,2120565,1035180,998070,Tabio,R. Chicú,1982,22,20.5,22,22,21.6,19.2,19.9,19.2,22.9,21.8,21.2,22
Tabio,2120565,1035180,998070,Tabio,R. Chicú,1983,23.4,22.8,23,22.5,21.5,22.2,18.3,19.9,19.9,21,21.1,20.3
Tabio,2120565,1035180,998070,Tabio,R. Chicú,1984,20,20.8,21.9,21,21.2,20.2,20.5,21,22.6,0,0,23.9
Tabio,2120565,1035180,998070,Tabio,R. Chicú,1985,23,23,22.6,22,21,20.9,21.6,21.9,22,21.2,20.6,22
Tabio,2120565,1035180,998070,Tabio,R. Chicú,1986,21.9,21,21.9,21.2,22.9,21,20.8,22.8,23,23,22.1,22
Tabio,2120565,1035180,998070,Tabio,R. Chicú,1991,26.5,27.1,27,25,22.5,21.5,20,21,23,22.1,22,23.5
Tabio,2120565,1035180,998070,Tabio,R. Chicú,1992,24.9,24.9,25.9,25,22,21,19.5,21,22,23.9,23.8,24
Tabio,2120565,1035180,998070,Tabio,R. Chicú,1993,23.9,24.5,23.1,23.9,24.5,21,22.2,24.2,23.2,23,23,24.5
Tabio,2120565,1035180,998070,Tabio,R. Chicú,1994,24,23,21,22.5,22,19.5,20.5,22,23,24,0,23.5
Tabio,2120565,1035180,998070,Tabio,R. Chicú,1995,25,25.5,24,24.2,22,22,22.8,22.5,23,22,23.5,23.2
Tabio,2120565,1035180,998070,Tabio,R. Chicú,1996,23.5,25.9,24.9,25,25.5,25,25.5,25.1,24,23.5,24,25
Tabio,2120565,1035180,998070,Tabio,R. Chicú,1997,24,24.5,25,24.5,24.5,23.2,22,24.5,25,0,0,0
Tabio,2120565,1035180,998070,Tabio,R. Chicú,2003,0,0,0,0,0,23,0,0,0,0,0,0
Tabio,2120565,1035180,998070,Tabio,R. Chicú,2004,0,27,25,0,0,0,0,0,0,0,0,0
Tabio,2120565,1035180,998070,Tabio,R. Chicú,2005,22,22,24,23,23,23,22,21,22,21,21,20
Tabio,2120565,1035180,998070,Tabio,R. Chicú,2009,0,0,0,0,24,25,25,0,0,0,0,0
Tabio,2120565,1035180,998070,Tabio,R. Chicú,2014,27.9,26.6,25.1,24.2,0,0,0,0,0,0,0,0
Simijaca,2401513,1100820,1024760,Simijaca,R. Simijaca,1985,22.6,23.4,23.9,22.2,20,20,20,20.8,21.9,21.6,20,21.8
Simijaca,2401513,1100820,1024760,Simijaca,R. Simijaca,1986,22,20,22.9,21,21,19.1,22.5,23,22,22,21.9,22
Simijaca,2401513,1100820,1024760,Simijaca,R. Simijaca,1991,23,22,22,22,21.8,21.9,21.1,21.1,21.9,21,20,18.9
Simijaca,2401513,1100820,1024760,Simijaca,R. Simijaca,1992,20.8,21.9,22,21.9,22,21,20.5,20.2,22,0,21.2,21
Simijaca,2401513,1100820,1024760,Simijaca,R. Simijaca,1993,20.9,22.3,21,20.1,20,20,20.4,20.8,21.5,29,22,25.4
Simijaca,2401513,1100820,1024760,Simijaca,R. Simijaca,1994,0,21.9,22.8,23.8,23.2,24,23,23,25.2,0,0,0
Simijaca,2401513,1100820,1024760,Simijaca,R. Simijaca,1995,23.9,22.5,24.1,24,23,22.2,21.5,20,22.9,22.5,21.5,22.5
Simijaca,2401513,1100820,1024760,Simijaca,R. Simijaca,1996,22.2,22,22,22.5,22,21.5,24,22,23.2,24,23,23
Simijaca,2401513,1100820,1024760,Simijaca,R. Simijaca,1997,22,23.5,24.5,23.8,23.5,24.5,22.8,22,25.5,24,24.5,25.5
Simijaca,2401513,1100820,1024760,Simijaca,R. Simijaca,1998,25,25.5,25.5,0,0,0,0,0,0,0,0,0
Simijaca,2401513,1100820,1024760,Simijaca,R. Simijaca,1999,23.2,22.5,22,21.9,21.5,22.2,21,22,22,21.2,22.5,22
Simijaca,2401513,1100820,1024760,Simijaca,R. Simijaca,2000,0,0,0,0,0,0,20,22.8,21.5,25,24.2,25
Simijaca,2401513,1100820,1024760,Simijaca,R. Simijaca,2001,27,26.2,24.2,19,23.5,24.5,22.9,25,27.5,26.5,22.8,23.5
Simijaca,2401513,1100820,1024760,Simijaca,R. Simijaca,2002,25.5,24.8,23,28.8,31,29.5,31.2,29,23.1,24,23.5,27
Simijaca,2401513,1100820,1024760,Simijaca,R. Simijaca,2003,25,23,23.5,23,25.2,23,0,0,0,0,0,0
Simijaca,2401513,1100820,1024760,Simijaca,R. Simijaca,2005,19.5,22,23,20,18,20,19.5,18,0,19.5,20.5,20.5
Simijaca,2401513,1100820,1024760,Simijaca,R. Simijaca,2006,21,21.5,21.5,21,21,0,22.8,23.5,24.5,22,2036,23.5
Simijaca,2401513,1100820,1024760,Simijaca,R. Simijaca,2007,23.3,25.8,23.8,22.2,0,0,22,0,0,0,22.7,22
Simijaca,2401513,1100820,1024760,Simijaca,R. Simijaca,2008,21,22.5,23,23,23,21.7,20,22,21.5,20,21,21
Simijaca,2401513,1100820,1024760,Simijaca,R. Simijaca,2009,22.3,21,22,19.8,20.8,21.6,20,21.2,21,22,22,23
Simijaca,2401513,1100820,1024760,Simijaca,R. Simijaca,2010,24,24,23,21.8,21.5,21,20,20.2,20,20,20,22
Simijaca,2401513,1100820,1024760,Simijaca,R. Simijaca,2011,22,21,21.6,21,22,21,20.3,22.5,24,21,20,21
Simijaca,2401513,1100820,1024760,Simijaca,R. Simijaca,2012,21.5,22.2,21.9,24.2,23,24.9,23.5,23.2,25.9,25.4,24.4,26.3
Simijaca,2401513,1100820,1024760,Simijaca,R. Simijaca,2013,26.7,23.1,24.8,24.1,22.8,23.2,22.3,22,25,22.8,22.2,21.7
Simijaca,2401513,1100820,1024760,Simijaca,R. Simijaca,2014,22.6,23.8,23.2,22.8,23,22.1,21.9,22.6,25.1,22.1,22,22.3
Simijaca,2401513,1100820,1024760,Simijaca,R. Simijaca,2015,23,22.1,23,23,22.1,21.8,22.8,22.3,23.5,23.2,23.3,23.8
Simijaca,2401513,1100820,1024760,Simijaca,R. Simijaca,2016,25,25.2,27.3,23.9,22.2,23.4,22.7,22,23.5,22.8,22.6,22.5
Simijaca,2401513,1100820,1024760,Simijaca,R. Simijaca,2017,22.2,24.6,21.5,22.5,21.6,21.3,23.3,23.1,24.6,24.1,22.7,23
Simijaca,2401513,1100820,1024760,Simijaca,R. Simijaca,2018,23.8,23.3,24,22.1,22.7,22.5,22,21.6,23.8,23,22.9,23.1
Simijaca,2401513,1100820,1024760,Simijaca,R. Simijaca,2019,23.3,24.3,23.5,22.2,23,22.2,0,0,0,0,0,0
San Miguel de Sema,2401531,1102290,1040620,San Miguel de Sema,Lag. Fúquene,2014,23.2,24.9,24.4,21.9,23.5,21.6,22,22.3,22.8,22.4,22.6,23
San Miguel de Sema,2401531,1102290,1040620,San Miguel de Sema,Lag. Fúquene,2015,23.2,23.9,22,21.2,23,21.9,23.4,21.9,23,24.6,19,23
San Miguel de Sema,2401531,1102290,1040620,San Miguel de Sema,Lag. Fúquene,2016,26.7,0,0,0,24.3,0,0,24.2,23.6,23,23.4,23.3
San Miguel de Sema,2401531,1102290,1040620,San Miguel de Sema,Lag. Fúquene,2017,23.1,25.3,22.1,22.7,22.6,21.5,22.2,22.2,23.9,24.7,22.6,23.6
San Miguel de Sema,2401531,1102290,1040620,San Miguel de Sema,Lag. Fúquene,2018,23.4,23.8,24.5,21.8,21.3,21.5,21.4,21.4,22.4,23.2,24,24.2
San Miguel de Sema,2401531,1102290,1040620,San Miguel de Sema,Lag. Fúquene,2019,25.2,26.6,0,0,0,0,0,0,0,0,0,0
La Ramada,2120516,1011430,989110,Funza,R. Bogotá,1956,21,21.5,22.5,22,22.5,20.5,20.5,20,21,22,25,22
La Ramada,2120516,1011430,989110,Funza,R. Bogotá,1957,21.4,22,22.4,22.1,21.5,22.8,22,20.5,22.5,22,21.5,22
La Ramada,2120516,1011430,989110,Funza,R. Bogotá,1958,23,23.3,23.5,24.5,22,22.5,21.5,21.5,22,23,21.5,22
La Ramada,2120516,1011430,989110,Funza,R. Bogotá,1960,22,22.5,22,22,21,22,21,22,21,22,22,21.5
La Ramada,2120516,1011430,989110,Funza,R. Bogotá,1964,20,20.5,21,18.9,20.5,19,18.2,20,19.2,19.3,19.2,19.5
La Ramada,2120516,1011430,989110,Funza,R. Bogotá,1965,18.5,20,21,17.9,19,16.9,17.2,17.2,19.5,20.9,18.9,19
La Ramada,2120516,1011430,989110,Funza,R. Bogotá,1966,20.3,22,19.9,21.2,19,19.7,18,18.1,20,19,18.4,18.6
La Ramada,2120516,1011430,989110,Funza,R. Bogotá,1967,20.8,18.2,19.1,18.2,18.3,17.1,18.2,19.1,20,18.7,19.3,18.8
La Ramada,2120516,1011430,989110,Funza,R. Bogotá,1968,19.7,20,18.4,19.2,19.9,17.2,17.6,17.6,19.3,20.8,21.2,21.6
La Ramada,2120516,1011430,989110,Funza,R. Bogotá,1969,21.1,21.2,22.3,21.3,21,21,18.2,19,23.2,22.5,23.7,22.8
La Ramada,2120516,1011430,989110,Funza,R. Bogotá,1970,24.5,24.2,22.1,21.5,20.9,21,19.9,20,21,20.7,20.9,21.5
La Ramada,2120516,1011430,989110,Funza,R. Bogotá,1971,21.2,20,20.7,21.2,20.8,19.9,19,20,20.9,20.3,21.1,20.9
La Ramada,2120516,1011430,989110,Funza,R. Bogotá,1972,20.7,22,22.2,22.1,22,21.3,20.5,21.5,22,23,22.6,22.8
La Ramada,2120516,1011430,989110,Funza,R. Bogotá,1973,22.8,25,23.8,23.8,24.3,21.5,23,24.9,21.7,21.7,21.9,22
La Ramada,2120516,1011430,989110,Funza,R. Bogotá,1974,21.9,22,22.7,22,21.3,22.5,21.5,21.2,21.9,21.3,22.2,23
La Ramada,2120516,1011430,989110,Funza,R. Bogotá,1975,23.2,22.8,23.1,24,21.8,21,20.6,21,21.5,22.6,22.1,21.8
La Ramada,2120516,1011430,989110,Funza,R. Bogotá,1976,24,22.2,23,23.9,22.6,21.6,21.2,23.4,22.1,23.8,23.8,22
La Ramada,2120516,1011430,989110,Funza,R. Bogotá,1977,24.8,24,25.5,25.5,23.8,22,22.8,24,23.9,23.4,22.9,23.5
La Ramada,2120516,1011430,989110,Funza,R. Bogotá,1978,22.9,24,23.5,21.2,22.8,21,21.8,20.5,23.5,22.8,23,24.6
La Ramada,2120516,1011430,989110,Funza,R. Bogotá,1979,24,24.2,24,25,23.8,22.9,22.1,21.9,23.6,24,23.6,23.8
La Ramada,2120516,1011430,989110,Funza,R. Bogotá,1980,24.9,25.9,24.3,23.9,23,21.9,21.8,21.8,22.2,22.3,23.9,23.6
La Ramada,2120516,1011430,989110,Funza,R. Bogotá,1981,23.9,24.5,25.9,25,24.9,25.4,24,25,23.9,25.1,25.6,26
La Ramada,2120516,1011430,989110,Funza,R. Bogotá,1982,27.6,25.4,27.2,25.8,25.9,25.7,23.1,23.6,25.9,25.8,25.8,26.1
La Ramada,2120516,1011430,989110,Funza,R. Bogotá,1983,27.6,26.9,27,25.7,27,26,24.5,25,25.9,26,26.5,25
La Ramada,2120516,1011430,989110,Funza,R. Bogotá,1984,21.5,21.8,23.5,22.5,22,20.8,21.2,21,22.1,22.9,22,23
La Ramada,2120516,1011430,989110,Funza,R. Bogotá,1985,23,23.8,22.9,22,21.2,22,20,20,21,21.2,21.5,22
La Ramada,2120516,1011430,989110,Funza,R. Bogotá,1986,21.2,20.5,21,21.5,22.9,20.2,20,22.8,22.9,23,24.9,21.9
La Ramada,2120516,1011430,989110,Funza,R. Bogotá,1991,24,24.1,24.9,22,22.9,23.5,21,19.9,24,24.1,24,25
La Ramada,2120516,1011430,989110,Funza,R. Bogotá,1992,26.5,0,0,0,0,0,0,0,0,0,0,0
La Ramada,2120516,1011430,989110,Funza,R. Bogotá,1993,22,23.9,22.1,22,0,21,21,22.2,23.2,23.1,23.5,23.5
La Ramada,2120516,1011430,989110,Funza,R. Bogotá,1994,23.2,23.5,23,23.9,24,22.5,22,23.5,24.2,24.8,24.2,25.2
La Ramada,2120516,1011430,989110,Funza,R. Bogotá,1995,25.2,25.5,22.5,22.5,21.8,22.2,21.5,21.2,23.8,24.5,24.9,24.5
La Ramada,2120516,1011430,989110,Funza,R. Bogotá,1996,24,21.2,21.5,22.2,21.5,21,20.2,21.5,23,23.5,23.5,24.5
La Ramada,2120516,1011430,989110,Funza,R. Bogotá,1997,24,25,25,24.2,25,24,22,24.5,24.5,25,25.5,25.5
La Ramada,2120516,1011430,989110,Funza,R. Bogotá,1998,27.5,24.9,24.5,24.2,24,22.2,21.2,24.2,24.2,20.5,23,23.5
La Ramada,2120516,1011430,989110,Funza,R. Bogotá,1999,0,21,22,21.5,22,21.5,19,19.8,20,21.5,24,22.5
La Ramada,2120516,1011430,989110,Funza,R. Bogotá,2000,23,21,22,21,22,22,20,19.5,21,21.8,21.8,22.5
La Ramada,2120516,1011430,989110,Funza,R. Bogotá,2001,23.8,23,22.5,22.8,0,0,0,0,0,0,0,0
La Ramada,2120516,1011430,989110,Funza,R. Bogotá,2003,0,0,0,0,0,0,0,0,0,0,0,21
La Ramada,2120516,1011430,989110,Funza,R. Bogotá,2004,22,23,24,23,22,19,20,20,22,23,22,25
La Ramada,2120516,1011430,989110,Funza,R. Bogotá,2005,23,24,25,23,23,21,23,23,24,23,27,23
La Ramada,2120516,1011430,989110,Funza,R. Bogotá,2006,28,25,24.5,24,22,20.5,21,21.5,24,22.5,21.5,22.5
La Ramada,2120516,1011430,989110,Funza,R. Bogotá,2007,25,25,23,24,0,0,21.5,20.5,20.5,21.8,22,22
La Ramada,2120516,1011430,989110,Funza,R. Bogotá,2008,22.2,22,23.7,23.5,23.2,22.2,22,21,21.5,22.5,24,24
La Ramada,2120516,1011430,989110,Funza,R. Bogotá,2009,24,23.2,23.7,23,23,24.3,21,23,23,24.5,25,24
La Ramada,2120516,1011430,989110,Funza,R. Bogotá,2010,24.5,25,25,23.5,24,22,22,22,22,24.5,24,24
La Ramada,2120516,1011430,989110,Funza,R. Bogotá,2011,23,22,21.5,22,21,26,23,23.3,24,21.7,23,23
La Ramada,2120516,1011430,989110,Funza,R. Bogotá,2012,24,23,22.5,22,21,22.5,21,21.5,23,24,24.2,24
La Ramada,2120516,1011430,989110,Funza,R. Bogotá,2013,24,23,25,25,22.5,24,23,23.5,,23.5,22.2,23
La Ramada,2120516,1011430,989110,Funza,R. Bogotá,2014,24,24.5,23.7,23.5,23.7,21.6,21.3,21.8,23.2,27,23,0
La Ramada,2120516,1011430,989110,Funza,R. Bogotá,2015,23,25,25,24,26,22,22.5,21.3,22.9,23.7,23.2,22.5
La Ramada,2120516,1011430,989110,Funza,R. Bogotá,2016,22.8,24,25,24,23.7,22.7,22,24,23.5,24,25.1,23.7
La Ramada,2120516,1011430,989110,Funza,R. Bogotá,2017,23,25.5,23,23.5,23,21.5,22.9,24,23.5,22.8,22.9,22.5
La Ramada,2120516,1011430,989110,Funza,R. Bogotá,2018,24.8,23.5,24,22,20.9,21.2,21,21,22.6,23.7,24.5,23.6
La Ramada,2120516,1011430,989110,Funza,R. Bogotá,2019,24.2,25.6,23.1,24,24,22.9,0,0,0,0,0,0
La Primavera,2120557,1029900,985090,Subachoque,R. Subachoque,1966,23,24.5,23.2,23.8,21,21.4,19.4,21.9,24.4,21.8,21,21.9
La Primavera,2120557,1029900,985090,Subachoque,R. Subachoque,1967,21.4,21.2,21.2,21.4,21.4,20,20.1,22.2,23,20.4,21.6,21.2
La Primavera,2120557,1029900,985090,Subachoque,R. Subachoque,1968,22.4,19.4,19.3,20,18.3,18.7,19,20.3,20.2,19.6,20.4,23
La Primavera,2120557,1029900,985090,Subachoque,R. Subachoque,1969,22.5,21.4,23,21.8,20.9,21,19.3,19.8,20.6,21.2,21.9,22
La Primavera,2120557,1029900,985090,Subachoque,R. Subachoque,1970,22,22.1,22,23.5,22.2,22,19.9,19.9,21,20,20.8,20.7
La Primavera,2120557,1029900,985090,Subachoque,R. Subachoque,1971,20,21.5,21.2,21.2,21,20,20,21.1,21.1,20.3,21.7,21.2
La Primavera,2120557,1029900,985090,Subachoque,R. Subachoque,1972,20.2,21.3,21.8,22.7,22.3,21,20.1,22.3,23.1,23,23.9,23
La Primavera,2120557,1029900,985090,Subachoque,R. Subachoque,1973,23.3,27,24.9,24,23.6,21,22.8,20.9,22.3,22.6,22.1,20.9
La Primavera,2120557,1029900,985090,Subachoque,R. Subachoque,1974,21.8,20.3,20.4,23.7,21.9,23.2,20.8,20.9,21.8,21.9,22.3,23.1
La Primavera,2120557,1029900,985090,Subachoque,R. Subachoque,1975,23.2,22.5,22.5,22.3,21,20.4,21,20.8,21.8,21,22,21.1
La Primavera,2120557,1029900,985090,Subachoque,R. Subachoque,1976,22.2,21.5,22.9,23.4,22,20.8,19.9,23.9,21.1,22.1,22.4,22
La Primavera,2120557,1029900,985090,Subachoque,R. Subachoque,1977,22.8,22.1,23.4,23.1,21.9,21.4,20.6,21.4,22.8,22,22.6,22
La Primavera,2120557,1029900,985090,Subachoque,R. Subachoque,1978,23.2,23.9,23,21.9,20.8,19.9,19,18.2,20.9,21,21.7,21.9
La Primavera,2120557,1029900,985090,Subachoque,R. Subachoque,1979,22.9,23.9,23,22.9,22,23,21,21,22,23.4,22.2,22.2
La Primavera,2120557,1029900,985090,Subachoque,R. Subachoque,1980,23.4,25.4,23,22.4,22.2,21.9,22.7,22.9,22.9,22.1,22.4,22.9
La Primavera,2120557,1029900,985090,Subachoque,R. Subachoque,1981,23,23.6,21.9,22.2,21.8,21.4,19.2,21,21.1,22.8,22.9,23
La Primavera,2120557,1029900,985090,Subachoque,R. Subachoque,1982,21.2,20,20.9,20,20.5,19.9,17,17,19.1,18.9,20.6,19.2
La Primavera,2120557,1029900,985090,Subachoque,R. Subachoque,1983,22,20.8,20.6,20,20.9,18.6,18.2,18.5,0,0,0,20.2
La Primavera,2120557,1029900,985090,Subachoque,R. Subachoque,1984,19.3,19.8,19.2,19,19,18.8,18.6,18.5,17.2,19.9,19,19
La Primavera,2120557,1029900,985090,Subachoque,R. Subachoque,1985,19.1,22.9,22.8,21.2,0,0,0,0,0,0,0,0
La Primavera,2120557,1029900,985090,Subachoque,R. Subachoque,1991,24.5,24.1,0,21.8,22.1,23,21.1,22.2,22,23.9,21.5,21.1
La Primavera,2120557,1029900,985090,Subachoque,R. Subachoque,1992,21,22,25,23,22,20.5,19.1,20,21.5,18,18.9,17.2
La Primavera,2120557,1029900,985090,Subachoque,R. Subachoque,1993,19.1,0,17.5,19,19.9,19.8,20,20,0,0,20.1,22
La Primavera,2120557,1029900,985090,Subachoque,R. Subachoque,1994,22,22,20.9,21.9,21.9,20,20.5,20,22,21.9,21,21.9
La Primavera,2120557,1029900,985090,Subachoque,R. Subachoque,1995,22.9,23.9,22.2,21,21.5,21,20.5,20.5,21.5,21.5,22.1,20
La Primavera,2120557,1029900,985090,Subachoque,R. Subachoque,1996,21.2,20,20,18.5,19.8,18,22,21,21.5,22.2,22.5,22.8
La Primavera,2120557,1029900,985090,Subachoque,R. Subachoque,1997,22,23.5,23,22,23,23.5,24.5,24.5,24,24,23.5,25.5
La Primavera,2120557,1029900,985090,Subachoque,R. Subachoque,1998,26,25.2,25.1,24.2,24,21.5,21.9,22,23,23,22,0
La Primavera,2120557,1029900,985090,Subachoque,R. Subachoque,1999,0,0,22.5,24,24.5,23.2,22,22.8,23,23,23.5,24.2
La Primavera,2120557,1029900,985090,Subachoque,R. Subachoque,2000,22,21,23,24,22.5,22,21,22.5,20.5,19.5,21,21
La Primavera,2120557,1029900,985090,Subachoque,R. Subachoque,2001,24,23,22,23,22.5,19,21.5,20.5,23,28.7,22.2,28.8
La Primavera,2120557,1029900,985090,Subachoque,R. Subachoque,2002,24,24.7,24.1,21.5,19.9,0,19,21,22,22,21.5,23
La Primavera,2120557,1029900,985090,Subachoque,R. Subachoque,2003,22.8,21.5,22.2,21,20.2,19.5,20,20,22,21,22,23
La Primavera,2120557,1029900,985090,Subachoque,R. Subachoque,2004,20,22,26,22,23,21,22,10,22,20,19,20
La Primavera,2120557,1029900,985090,Subachoque,R. Subachoque,2005,20,23,25,21,23,22,21,22,23,20,21,0
La Primavera,2120557,1029900,985090,Subachoque,R. Subachoque,2006,35,36,22,20,23,22,20,0,21.5,21.5,20.5,21.5
La Primavera,2120557,1029900,985090,Subachoque,R. Subachoque,2007,23.6,25,22.2,21.6,0,0,19.8,20.7,22,24.5,23.3,22.8
La Primavera,2120557,1029900,985090,Subachoque,R. Subachoque,2008,23.2,22.5,23.6,22.5,20,23.4,23,22.3,23.4,23.5,22.8,22.6
La Primavera,2120557,1029900,985090,Subachoque,R. Subachoque,2009,23.9,22.7,24,23.3,24.2,23,21.6,0,23,25,23.6,25.3
La Primavera,2120557,1029900,985090,Subachoque,R. Subachoque,2010,26,26.4,24,24.1,21.8,23.8,22,22.6,22.3,23.8,22.1,24.2
La Primavera,2120557,1029900,985090,Subachoque,R. Subachoque,2011,25.5,23.6,25.2,26,25.8,22.8,22.6,23.2,24,24.9,23.2,24
La Primavera,2120557,1029900,985090,Subachoque,R. Subachoque,2012,24,22.9,24.1,24.1,23,24.1,21,22.6,26,24.9,25.9,23.4
La Primavera,2120557,1029900,985090,Subachoque,R. Subachoque,2013,23.7,22.8,23.7,23,22.6,23.5,22.6,23.5,20.4,22.2,29.2,20.9
La Primavera,2120557,1029900,985090,Subachoque,R. Subachoque,2014,20.9,21.3,18.9,21.2,22.8,21,20.5,20.7,22.9,21.7,22,25.5
La Primavera,2120557,1029900,985090,Subachoque,R. Subachoque,2015,25,23.4,23.6,22.1,23.3,20.3,21.1,21.1,22.2,23.4,23.9,25.9
La Primavera,2120557,1029900,985090,Subachoque,R. Subachoque,2016,25.4,24.8,24.8,22.8,22.4,22.8,20.5,21.2,22.4,23.1,21.9,22.3
La Primavera,2120557,1029900,985090,Subachoque,R. Subachoque,2017,22.1,25,23,24,23.7,22.7,24.3,23,23.3,23.6,22.8,22.2
La Primavera,2120557,1029900,985090,Subachoque,R. Subachoque,2018,23.7,22.1,23,22.7,22.8,23.2,22,23.9,23.8,23.5,22.9,23.4
La Primavera,2120557,1029900,985090,Subachoque,R. Subachoque,2019,23.1,24.3,23.2,22.8,23.3,21.5,0,0,0,0,0,0
El Placer,2123502,1007762,928174,Puli,R. Magdalena,2000,0,0,25,25.5,24.5,24,25,27,27,25.8,25,27
El Placer,2123502,1007762,928174,Puli,R. Magdalena,2001,27,29.2,28.5,28.5,29,27.2,29,31,28,21,28.8,26.5
El Placer,2123502,1007762,928174,Puli,R. Magdalena,2002,31.5,30,28,26,27.5,25.8,27,28,29.5,30,30,31
El Placer,2123502,1007762,928174,Puli,R. Magdalena,2003,29,28,29,24.3,0,0,0,0,0,0,0,0
El Placer,2123502,1007762,928174,Puli,R. Magdalena,2005,35,34,0,0,26.5,27.5,28,28,25.5,31,20,0
El Placer,2123502,1007762,928174,Puli,R. Magdalena,2007,0,0,0,0,0,0,25.4,27.2,27.8,28.8,28,34
El Placer,2123502,1007762,928174,Puli,R. Magdalena,2008,0,0,33,32,31,31.3,32,34,34,34,30,34.3
El Placer,2123502,1007762,928174,Puli,R. Magdalena,2009,33,34,34,32,33,33,33,28,30,28.3,27.9,29.2
El Placer,2123502,1007762,928174,Puli,R. Magdalena,2010,29.6,30.8,30.9,29,27.2,27.8,26.9,29,28.7,28.6,26,27.6
El Placer,2123502,1007762,928174,Puli,R. Magdalena,2011,28.9,28.1,29,29,20.8,29,29,29,0,0,25.4,26.5
El Placer,2123502,1007762,928174,Puli,R. Magdalena,2012,0,25.2,29.6,25.5,26.5,28.5,29.5,29.8,31.8,30,28.5,29.4
El Placer,2123502,1007762,928174,Puli,R. Magdalena,2013,31.1,33.3,31.2,31.3,28,28,28.5,30.3,31.8,32.4,28.1,26.9
El Placer,2123502,1007762,928174,Puli,R. Magdalena,2014,27.3,31.6,29.6,29.3,27.3,28.9,29.9,31.6,31.7,30.3,32.6,33
El Placer,2123502,1007762,928174,Puli,R. Magdalena,2015,36,29.3,30.5,31.2,28.7,28.1,31,31.8,35,33.9,27.9,31.6
El Placer,2123502,1007762,928174,Puli,R. Magdalena,2016,33.5,32,28.4,29.2,28.2,26.8,28.4,29.5,28.4,28.3,29.1,28
El Placer,2123502,1007762,928174,Puli,R. Magdalena,2017,28.6,30.2,27,29,29,28.9,28.2,29.8,31.2,30.3,28.7,34.9
El Placer,2123502,1007762,928174,Puli,R. Magdalena,2018,33.8,32,31.9,28.2,28,28,29.6,29.1,29,27,26,0
Novilleros,2401519,1080650,1032380,Ubaté,R. Ubaté,1966,24.8,25,24.2,25.4,23.8,23,20.8,23.3,23,22.4,23.4,22.1
Novilleros,2401519,1080650,1032380,Ubaté,R. Ubaté,1967,21.3,23,22.8,22.2,20.6,18.8,22,22.2,22,22.9,22.2,22.3
Novilleros,2401519,1080650,1032380,Ubaté,R. Ubaté,1968,23,24.5,23.9,23.8,22,20.5,20.2,21.2,21,22.3,22.7,23.3
Novilleros,2401519,1080650,1032380,Ubaté,R. Ubaté,1969,21.5,23.8,23.5,23.5,22,23.5,20.3,21.7,23.2,22,23.9,22.6
Novilleros,2401519,1080650,1032380,Ubaté,R. Ubaté,1970,23.5,24.6,23.6,22.8,25.1,22.2,20,20.1,21.1,22.3,22.4,22
Novilleros,2401519,1080650,1032380,Ubaté,R. Ubaté,1971,23,22.1,22,22.3,21,20.1,21,21,20,20.9,21.9,21.8
Novilleros,2401519,1080650,1032380,Ubaté,R. Ubaté,1972,22,22.1,23.6,21.2,21.7,22.1,21,21.1,21.1,24,23.3,23.4
Novilleros,2401519,1080650,1032380,Ubaté,R. Ubaté,1973,25,26.2,24.4,25.9,23.8,22,22,21.9,28.9,22.5,24.1,23.5
Novilleros,2401519,1080650,1032380,Ubaté,R. Ubaté,1974,24.9,24.6,22,20.9,20,21.5,19,19,20.3,20.8,20.8,22.8
Novilleros,2401519,1080650,1032380,Ubaté,R. Ubaté,1975,22,22,21,22.7,20.6,18,19,19.2,21.1,21.8,20,20.1
Novilleros,2401519,1080650,1032380,Ubaté,R. Ubaté,1976,20.1,21.6,22,18.3,17.8,17.9,17.9,20.9,20.8,20.6,21,22
Novilleros,2401519,1080650,1032380,Ubaté,R. Ubaté,1977,24.4,22.4,23.5,23,21.1,21,19.8,21.8,19,0,0,0
Novilleros,2401519,1080650,1032380,Ubaté,R. Ubaté,1978,0,0,0,20.9,22.9,20.1,20,19.9,19.9,22.9,21.9,22.1
Novilleros,2401519,1080650,1032380,Ubaté,R. Ubaté,1979,23.2,23.3,22.8,23.7,21.2,21.3,22.4,20.9,21.1,22.9,22.4,21.7
Novilleros,2401519,1080650,1032380,Ubaté,R. Ubaté,1980,22.6,23.6,22.6,23,21.6,21.9,20.2,21.9,21.6,22,23,22.7
Novilleros,2401519,1080650,1032380,Ubaté,R. Ubaté,1981,23.2,24,24.2,23.2,22.2,21.7,21.1,22.6,23,23.8,23,21.4
Novilleros,2401519,1080650,1032380,Ubaté,R. Ubaté,1982,24.1,22.9,23.9,22.8,22,21,18.1,19,21.1,21.8,22.4,23.2
Novilleros,2401519,1080650,1032380,Ubaté,R. Ubaté,1983,24.9,26,25.5,23,21.5,21.3,20.6,21.5,22.2,23.5,23.9,21.4
Novilleros,2401519,1080650,1032380,Ubaté,R. Ubaté,1984,0,23,24.5,24.5,22,21.9,21.4,22.6,22.5,23.9,22.6,25
Novilleros,2401519,1080650,1032380,Ubaté,R. Ubaté,1985,22.2,22.8,24.9,21,20.9,19.8,20.4,20.3,22,22.7,20.8,21.2
Novilleros,2401519,1080650,1032380,Ubaté,R. Ubaté,1986,22,23,23,21.2,21,22.8,21,21.1,21.5,22.9,23.9,23.2
Novilleros,2401519,1080650,1032380,Ubaté,R. Ubaté,1991,25.5,26.9,26.9,24,23,22,20,20,22,23.1,23.9,23
Novilleros,2401519,1080650,1032380,Ubaté,R. Ubaté,1992,26,25.9,26.5,25.9,22,21,20,21,23,23,23.9,25.1
Novilleros,2401519,1080650,1032380,Ubaté,R. Ubaté,1993,23,25,24,25,24.9,19.2,20,21,20.1,21,23,22.2
Novilleros,2401519,1080650,1032380,Ubaté,R. Ubaté,1994,25,23.9,24,22.5,22,20.9,21.5,21.5,22,25,23.2,23
Novilleros,2401519,1080650,1032380,Ubaté,R. Ubaté,1995,24,25.1,24.5,23.8,22.1,22,21.2,22,23.5,21.2,0,0
Novilleros,2401519,1080650,1032380,Ubaté,R. Ubaté,1996,0,0,0,22.5,21,20.9,20.2,20.2,21,21,21.5,21.2
Novilleros,2401519,1080650,1032380,Ubaté,R. Ubaté,1997,21.5,21.5,24,22.5,21.5,21,20,21.5,22,22,22,23
Novilleros,2401519,1080650,1032380,Ubaté,R. Ubaté,1998,23,23.8,22.8,22.2,21,19,20,21.5,21.5,22.2,22,22.2
Novilleros,2401519,1080650,1032380,Ubaté,R. Ubaté,1999,16.5,20.2,24.2,22.5,23,22,20,20.8,21,21.8,19.5,0
Novilleros,2401519,1080650,1032380,Ubaté,R. Ubaté,2000,0,24.5,24,22.5,22,21,20,21.5,22,22,23,22
Novilleros,2401519,1080650,1032380,Ubaté,R. Ubaté,2001,23,21,21,23.5,22,20,20,19.3,20.5,22,20.8,21.5
Novilleros,2401519,1080650,1032380,Ubaté,R. Ubaté,2002,22,22.2,22.8,22,19.8,18.2,18.5,18.9,20,20.5,19.9,28
Novilleros,2401519,1080650,1032380,Ubaté,R. Ubaté,2003,26.2,24,23,23,22,21,0,0,0,0,0,0
Novilleros,2401519,1080650,1032380,Ubaté,R. Ubaté,2005,0,28,24,22,26,23,26,25,25,25,23,24
Novilleros,2401519,1080650,1032380,Ubaté,R. Ubaté,2006,23,24.5,25,22.5,22,20,19.8,20,22,21.5,22.8,22
Novilleros,2401519,1080650,1032380,Ubaté,R. Ubaté,2007,23,28.5,22.5,22,0,0,21,21.7,21,0,22,22
Novilleros,2401519,1080650,1032380,Ubaté,R. Ubaté,2008,23.5,22.5,24,21,20.5,21,20,23,22,22.2,24.2,24
Novilleros,2401519,1080650,1032380,Ubaté,R. Ubaté,2009,23,23,24,22.8,22,20,19,19.8,21,23,22.5,22.5
Novilleros,2401519,1080650,1032380,Ubaté,R. Ubaté,2010,24,25,26.5,23.5,21.5,21,23,22.6,22.7,23,24.7,23
Novilleros,2401519,1080650,1032380,Ubaté,R. Ubaté,2011,23,23,20,22,20,21.5,19.6,22,21.8,20.6,20.5,21
Novilleros,2401519,1080650,1032380,Ubaté,R. Ubaté,2012,23.2,20.5,21,21.7,20.8,21.8,22.5,22.6,22.4,24.5,23.4,23.2
Novilleros,2401519,1080650,1032380,Ubaté,R. Ubaté,2013,24.4,23,24,23,24,23,23,0,19,20,19,23.2
Novilleros,2401519,1080650,1032380,Ubaté,R. Ubaté,2014,23,23,24,22.6,22.9,20.8,20.2,21.2,22.5,23,21.3,23.2
Novilleros,2401519,1080650,1032380,Ubaté,R. Ubaté,2015,23.2,21.6,23,22.3,24,20,16.3,16.1,15.5,22.8,23.4,21.5
Novilleros,2401519,1080650,1032380,Ubaté,R. Ubaté,2016,25.9,26.4,26.8,22.8,22.2,21.1,20.6,22.4,23.6,23.2,24,23
Novilleros,2401519,1080650,1032380,Ubaté,R. Ubaté,2017,23.3,24.3,23.7,22.4,22,23.2,21.3,22.6,23.5,24.1,23,25.3
Novilleros,2401519,1080650,1032380,Ubaté,R. Ubaté,2018,23.8,24.5,23.2,22.8,21.2,19.5,21.4,20.8,22,22.5,22.8,22.6
Novilleros,2401519,1080650,1032380,Ubaté,R. Ubaté,2019,22.9,23.8,22.5,22.3,23,20.6,0,0,0,0,0,0
Mesitas,2120646,997800,959500,El Colegio,R. Bogotá,1991,30,30,29,29,29.1,28,27.2,28.5,29.2,28,26.9,27
Mesitas,2120646,997800,959500,El Colegio,R. Bogotá,1992,27.9,27,27.9,29,28.9,29.1,28,30,30.1,30,29.5,29
Mesitas,2120646,997800,959500,El Colegio,R. Bogotá,1993,27.9,0,29,28,27.5,27.9,29.9,30.1,29.8,30,27,29.5
Mesitas,2120646,997800,959500,El Colegio,R. Bogotá,1994,28,27.9,28.1,28,27.1,27,27,28,28.5,27,26.2,28
Mesitas,2120646,997800,959500,El Colegio,R. Bogotá,1995,28.2,29.2,30,30.1,0,27,28,29,28.2,29,30,29.5
Mesitas,2120646,997800,959500,El Colegio,R. Bogotá,1996,30.5,30,29,29.5,30,29,30,30.2,29.5,30,29.5,30
Mesitas,2120646,997800,959500,El Colegio,R. Bogotá,1997,29,30.5,30,29,29.5,29.8,29.5,29.5,29.8,29.8,29.8,29.8
Mesitas,2120646,997800,959500,El Colegio,R. Bogotá,1998,32.5,34,32,31,31.5,30,30,31.2,31.5,32,31,30
Mesitas,2120646,997800,959500,El Colegio,R. Bogotá,1999,28.5,28.5,29,27,29,30.5,31,31,30,29.5,28.8,29
Mesitas,2120646,997800,959500,El Colegio,R. Bogotá,2000,30,32.5,32,27.4,0,0,0,0,25.5,26,25.5,26.5
Mesitas,2120646,997800,959500,El Colegio,R. Bogotá,2001,27,29.9,28.1,28,28,26.5,29,29,28.1,29.9,29.1,29.9
Mesitas,2120646,997800,959500,El Colegio,R. Bogotá,2002,0,29.3,30.2,27,28,27,28,0,0,0,0,0
Mesitas,2120646,997800,959500,El Colegio,R. Bogotá,2003,0,0,0,0,0,0,0,30,29,28,27,28
Mesitas,2120646,997800,959500,El Colegio,R. Bogotá,2004,29,30,30,30,28,28,29,30,28,27,25,26
Mesitas,2120646,997800,959500,El Colegio,R. Bogotá,2005,29,30,30,30,29,29,28,30,32,29,28,30
Mesitas,2120646,997800,959500,El Colegio,R. Bogotá,2006,0,0,0,0,0,0,29.5,29,31.5,31,28.5,0
Mesitas,2120646,997800,959500,El Colegio,R. Bogotá,2007,31.8,32.5,33.5,31.2,0,0,30,29,31,32,30,29.9
Mesitas,2120646,997800,959500,El Colegio,R. Bogotá,2008,30,30.5,31.7,31,30,29.8,30,30,32,31.2,30,32.7
Mesitas,2120646,997800,959500,El Colegio,R. Bogotá,2009,33,32,29.2,30.7,30,30,30.2,32,33,32.5,31,33.5
Mesitas,2120646,997800,959500,El Colegio,R. Bogotá,2010,35,37,33,31.5,31.7,31,31,32,32,31.5,29.8,31.2
Mesitas,2120646,997800,959500,El Colegio,R. Bogotá,2011,32.5,32,29.9,31,30,31,32.5,31.5,32.8,30,29.5,30
Mesitas,2120646,997800,959500,El Colegio,R. Bogotá,2012,30,30.6,30.5,30,30.9,33,32,33,34,33,31,31.9
Mesitas,2120646,997800,959500,El Colegio,R. Bogotá,2013,34,32.2,33,33.1,30.8,32.3,32,31,31,31.5,30,28.9
Mesitas,2120646,997800,959500,El Colegio,R. Bogotá,2014,31.9,33.2,32.8,32.8,30.6,31.5,34.1,34,33.6,31.9,30.7,31.8
Mesitas,2120646,997800,959500,El Colegio,R. Bogotá,2015,31.5,0,30.9,33.1,32.7,30,32.3,34.2,34.7,34.6,28.4,32
Mesitas,2120646,997800,959500,El Colegio,R. Bogotá,2016,32.1,31.8,34.5,32,32,32,33,34,34,32,32,31.3
Mesitas,2120646,997800,959500,El Colegio,R. Bogotá,2017,32,33.9,32,31.8,31.9,31.3,31,32.5,33.5,33.3,30.9,31.1
Mesitas,2120646,997800,959500,El Colegio,R. Bogotá,2018,31.7,33.1,33.6,31.5,31,30.8,34.3,33,33.3,31.9,29.5,31.7
Mesitas,2120646,997800,959500,El Colegio,R. Bogotá,2019,35,33.4,33.6,31.8,32.1,31.7,29.4,0,0,0,0,0
La Mesa,2120639,1003360,957190,La Mesa,R. Apulo,1991,29.9,28.5,0,28,28.2,28.1,27.5,30,29.8,27.9,27,28
La Mesa,2120639,1003360,957190,La Mesa,R. Apulo,1992,29.5,28.9,29.1,28.1,29.2,29.5,30,31,31.9,30,30,28.2
La Mesa,2120639,1003360,957190,La Mesa,R. Apulo,1993,28.5,29,27,28.2,27.9,28.9,30,31.5,30.2,30.9,28,30
La Mesa,2120639,1003360,957190,La Mesa,R. Apulo,1994,29,27,27.9,28,26.2,27,27.1,28.5,31.2,29,28.5,30
La Mesa,2120639,1003360,957190,La Mesa,R. Apulo,1995,31,32.2,29,29,29,27.9,28.5,29,28,29,28.5,28
La Mesa,2120639,1003360,957190,La Mesa,R. Apulo,1996,29,28,27.8,28.5,29.5,28,28.5,29.5,32.2,29,28.8,29
La Mesa,2120639,1003360,957190,La Mesa,R. Apulo,1997,30,30,28.5,29,28.5,28,30,30,31.5,29,29.5,28.5
La Mesa,2120639,1003360,957190,La Mesa,R. Apulo,1998,0,0,0,0,0,0,0,0,33,32,30.5,29
La Mesa,2120639,1003360,957190,La Mesa,R. Apulo,1999,30,30,30,29,0,0,30,32,32,30.5,28,0
La Mesa,2120639,1003360,957190,La Mesa,R. Apulo,2000,27,0,32.5,27,27,0,0,0,25.8,27,26,27
La Mesa,2120639,1003360,957190,La Mesa,R. Apulo,2001,28,28.5,28.5,27.5,27.5,28,29.6,29,29,28.2,27.2,28.1
La Mesa,2120639,1003360,957190,La Mesa,R. Apulo,2002,28,30,30,29.2,28.9,27.3,29.3,29.9,31,30.9,27.3,27.4
La Mesa,2120639,1003360,957190,La Mesa,R. Apulo,2003,28.2,28.2,28.2,28,28.5,28.8,30,30,30,28.5,28.5,29
La Mesa,2120639,1003360,957190,La Mesa,R. Apulo,2004,30,30,30.5,29.5,29,29,27.5,30,31,29.5,28.5,29.5
La Mesa,2120639,1003360,957190,La Mesa,R. Apulo,2005,30,30,30,30,31,30,30,31.5,31,30,29.5,29
La Mesa,2120639,1003360,957190,La Mesa,R. Apulo,2006,0,0,0,0,0,0,30,31,31,31,29,0
La Mesa,2120639,1003360,957190,La Mesa,R. Apulo,2007,29.5,31.5,32,29.2,0,0,30,30.1,31.4,30.5,30,29
La Mesa,2120639,1003360,957190,La Mesa,R. Apulo,2008,29.5,29.5,29.5,29.5,30,30,30.4,29.8,30,29.5,29.6,29.6
La Mesa,2120639,1003360,957190,La Mesa,R. Apulo,2009,29,30,29,29.6,31,30,31.8,33.1,33.5,32.5,31.6,32
La Mesa,2120639,1003360,957190,La Mesa,R. Apulo,2010,33,34.2,33,32.1,31.6,30.4,29,30.8,30,30,28.5,29
La Mesa,2120639,1003360,957190,La Mesa,R. Apulo,2011,30.8,31.5,30,31,30,30,29.5,31.3,32.8,30.1,30.4,29.3
La Mesa,2120639,1003360,957190,La Mesa,R. Apulo,2012,30.5,30.4,31.1,29.2,29.5,31,31.3,32.1,33.8,32.6,30.2,30.6
La Mesa,2120639,1003360,957190,La Mesa,R. Apulo,2013,32.3,30.6,31,31.6,30.4,30.7,31.6,30.9,31.8,31.9,28.9,30.3
La Mesa,2120639,1003360,957190,La Mesa,R. Apulo,2014,30.2,29.4,31.3,31.3,30.2,29.8,33,33.4,33.3,32.8,31,32.5
La Mesa,2120639,1003360,957190,La Mesa,R. Apulo,2016,0,33.9,33.8,31.3,31.8,31.6,33,33.9,32.7,31.3,30.8,30.2
La Mesa,2120639,1003360,957190,La Mesa,R. Apulo,2017,30,33.2,31.7,32,31.9,32.6,31.7,33.8,33.4,31.9,29.7,29.8
La Mesa,2120639,1003360,957190,La Mesa,R. Apulo,2018,30.6,31.9,32.3,30.5,31.7,32.1,33.5,32.9,33.6,34.6,31,31.7
La Mesa,2120639,1003360,957190,La Mesa,R. Apulo,2019,32.5,32.3,32.3,32.1,33.6,31.3,0,0,0,0,0,0
La Iberia,2120548,1048900,1038800,Chocontá,Emb. Sisga,1966,21.5,23,24.5,22.6,19.4,21.1,18.1,18.1,19,21.3,22.3,21.4
La Iberia,2120548,1048900,1038800,Chocontá,Emb. Sisga,1967,19.8,21.9,21,18.1,21,19.3,19.6,19.4,19.3,20.4,22.3,21.3
La Iberia,2120548,1048900,1038800,Chocontá,Emb. Sisga,1968,20.1,21.6,21,20.3,20.5,19.5,17.2,17,19,21.5,21.3,21.3
La Iberia,2120548,1048900,1038800,Chocontá,Emb. Sisga,1969,21.6,22.6,23.2,22.1,20.6,20.4,17.8,19.9,23.3,21.9,21.7,19.4
La Iberia,2120548,1048900,1038800,Chocontá,Emb. Sisga,1970,20,21.7,21.9,20,19.8,20.4,20,18.9,18.9,19.5,22.2,18.6
La Iberia,2120548,1048900,1038800,Chocontá,Emb. Sisga,1971,19.9,19.8,20.3,20,19,17.2,17,18.3,20,19.9,20,19.1
La Iberia,2120548,1048900,1038800,Chocontá,Emb. Sisga,1972,20,20.9,20.2,19.5,18.9,17.9,19.6,18.8,19,20.7,21.3,23.2
La Iberia,2120548,1048900,1038800,Chocontá,Emb. Sisga,1973,20.5,22.7,22.6,24.5,19.8,20,19,19.2,19.9,21,20.1,19.1
La Iberia,2120548,1048900,1038800,Chocontá,Emb. Sisga,1974,19.9,19.8,21.5,21,21.2,19.2,17,19,18.9,20.1,20,21
La Iberia,2120548,1048900,1038800,Chocontá,Emb. Sisga,1975,23.3,21,21.2,21.9,19.8,17.8,19,19.6,18.4,18.9,20,22
La Iberia,2120548,1048900,1038800,Chocontá,Emb. Sisga,1976,22,22.8,21,20.4,19.9,19,16.4,20,20.4,20.7,21.7,20.7
La Iberia,2120548,1048900,1038800,Chocontá,Emb. Sisga,1977,23.8,21.9,22.9,22.9,20.6,20.4,18.9,20.9,20.9,21,21.8,23.6
La Iberia,2120548,1048900,1038800,Chocontá,Emb. Sisga,1978,22,24,23,20.1,20.4,19,20,19,21.1,21.1,21.2,22
La Iberia,2120548,1048900,1038800,Chocontá,Emb. Sisga,1979,23.8,23,21.8,21,19.7,19,18.2,19,19.8,20.8,22.2,20.1
La Iberia,2120548,1048900,1038800,Chocontá,Emb. Sisga,1980,0,22.2,22.2,22.6,19.2,18.8,17.2,18.8,17.9,20,20.8,21
La Iberia,2120548,1048900,1038800,Chocontá,Emb. Sisga,1981,22.9,22.9,25,21.3,19,20.1,17.6,19.9,19,20,21.9,20.8
La Iberia,2120548,1048900,1038800,Chocontá,Emb. Sisga,1982,22,21.8,23,20,20.6,18.6,17,17.2,20.8,19,20.5,20.8
La Iberia,2120548,1048900,1038800,Chocontá,Emb. Sisga,1983,24.8,23.6,22,21.3,20,18.8,17.3,17.5,18.7,20.3,21,20.2
La Iberia,2120548,1048900,1038800,Chocontá,Emb. Sisga,1984,20.5,20.9,23.8,22.8,20.6,18.8,18.4,19.6,20.8,20,20.5,20
La Iberia,2120548,1048900,1038800,Chocontá,Emb. Sisga,1985,22,22,23,22,19,19.5,21.2,21,22.8,21,20.5,22.5
La Iberia,2120548,1048900,1038800,Chocontá,Emb. Sisga,1986,21.5,21.9,20.8,21.9,20,21,18.5,18.9,20,20,20.9,20.6
La Iberia,2120548,1048900,1038800,Chocontá,Emb. Sisga,1991,25,23,24.8,22,22,21.1,19.1,19,22.1,21.5,20.9,21.2
La Iberia,2120548,1048900,1038800,Chocontá,Emb. Sisga,1992,22.1,25.5,25,23,20.1,18.2,17.5,18,18,19,19.5,20.5
La Iberia,2120548,1048900,1038800,Chocontá,Emb. Sisga,1993,19.2,21.1,20,19,20,16,18,19,18.9,19.1,20,31
La Iberia,2120548,1048900,1038800,Chocontá,Emb. Sisga,1994,20.9,20.1,21,20.8,19.9,18.9,19,20,21.8,23.9,22.5,24
La Iberia,2120548,1048900,1038800,Chocontá,Emb. Sisga,1995,24,24,23,23.9,21.2,21,20,22,22,23.2,21.5,21
La Iberia,2120548,1048900,1038800,Chocontá,Emb. Sisga,1996,21,21,21.8,22,20.5,18.8,19.5,19,20.5,21.5,20.8,20
La Iberia,2120548,1048900,1038800,Chocontá,Emb. Sisga,1997,21.2,21.8,22.5,19.5,18,19,16.5,18,19.5,20,21,21
La Iberia,2120548,1048900,1038800,Chocontá,Emb. Sisga,1998,22.2,24.2,24.3,22,22,18,19,20,21.1,22,22,22.8
La Iberia,2120548,1048900,1038800,Chocontá,Emb. Sisga,1999,0,24,22,20,20,21.2,21,19,21,22,23,23
La Iberia,2120548,1048900,1038800,Chocontá,Emb. Sisga,2000,24,23.5,22.5,19.5,19,18,18.5,18.2,19,18,22,21
La Iberia,2120548,1048900,1038800,Chocontá,Emb. Sisga,2001,21.5,29,21.5,21.5,22.8,20,20.5,20,23,25,24,27
La Iberia,2120548,1048900,1038800,Chocontá,Emb. Sisga,2002,25.8,29,29,25.1,24,24.6,0,0,0,0,0,21.5
La Iberia,2120548,1048900,1038800,Chocontá,Emb. Sisga,2003,26,25.5,23.5,23.5,20.5,23.9,22,20,23,22,24,23
La Iberia,2120548,1048900,1038800,Chocontá,Emb. Sisga,2004,25,25,25,23,23,19,22,20,20,22,23,24
La Iberia,2120548,1048900,1038800,Chocontá,Emb. Sisga,2005,23,23,25,24,26,20,25,26,25,26,28,29
La Iberia,2120548,1048900,1038800,Chocontá,Emb. Sisga,2006,27,30,20,20,21,20,20,0,20,16.5,0,20.5
La Iberia,2120548,1048900,1038800,Chocontá,Emb. Sisga,2007,21,23.5,21,22.8,0,0,0,0,0,21.9,21.2,23
La Iberia,2120548,1048900,1038800,Chocontá,Emb. Sisga,2008,24,16,19,26,24.1,22.2,22.7,24.5,22,23,23,17.5
La Iberia,2120548,1048900,1038800,Chocontá,Emb. Sisga,2009,17,18,18.5,19,17,0,0,0,0,0,0,22
La Iberia,2120548,1048900,1038800,Chocontá,Emb. Sisga,2010,25,24,25.5,23.8,23.1,21.9,21.1,20.5,21,23.2,25,27
La Iberia,2120548,1048900,1038800,Chocontá,Emb. Sisga,2011,27,27,20.8,20,20.1,20,19,22.5,21,22,22,22.5
La Iberia,2120548,1048900,1038800,Chocontá,Emb. Sisga,2012,23,23.5,22.5,22,19.8,20,19.7,21.8,20,23,22,21.8
La Iberia,2120548,1048900,1038800,Chocontá,Emb. Sisga,2013,22.8,23,0,0,0,0,0,0,0,0,23.5,20.8
La Iberia,2120548,1048900,1038800,Chocontá,Emb. Sisga,2014,20.8,22.2,22.5,19.8,20.9,18.1,17.8,17.8,18.9,20.5,23,23
La Iberia,2120548,1048900,1038800,Chocontá,Emb. Sisga,2015,23.7,25,27.1,22,16.4,17.6,18.7,17.9,30.6,0,20.9,19.2
La Iberia,2120548,1048900,1038800,Chocontá,Emb. Sisga,2016,23.4,23.3,24.2,0,0,0,0,0,0,0,0,0
Guatavita,2120562,1034500,1023500,Guatavita,Emb. Tominé,1968,0,0,0,0,21.9,20.1,17.3,19.3,21.4,20.6,23.3,24.3
Guatavita,2120562,1034500,1023500,Guatavita,Emb. Tominé,1969,23.4,23.6,25,25,22.1,23.3,20.3,20.6,22.8,20.2,22.4,21.9
Guatavita,2120562,1034500,1023500,Guatavita,Emb. Tominé,1970,22.2,24,24.1,23.7,21.5,20.9,20,20.2,21.3,21.3,22,20.8
Guatavita,2120562,1034500,1023500,Guatavita,Emb. Tominé,1971,22.1,22.5,23,23.5,20.7,19.6,19.8,21.5,21.8,23.4,22,22.2
Guatavita,2120562,1034500,1023500,Guatavita,Emb. Tominé,1972,21.8,23.3,25.7,22.6,22.2,21.7,21.2,22,24,24.5,25.6,27
Guatavita,2120562,1034500,1023500,Guatavita,Emb. Tominé,1973,25.7,25.8,25,25.8,22.9,20.6,22.3,21.9,20.9,22.9,22.2,21.2
Guatavita,2120562,1034500,1023500,Guatavita,Emb. Tominé,1975,25.2,23.9,25,25,20.8,20.1,21.2,20.7,21.7,22.3,22,22.2
Guatavita,2120562,1034500,1023500,Guatavita,Emb. Tominé,1976,24.8,24,23,21.9,21.5,20.8,18.6,18.2,22.9,23.6,24.8,24.2
Guatavita,2120562,1034500,1023500,Guatavita,Emb. Tominé,1977,25.6,24.1,25.1,25.1,23,22.2,20.8,24,24,24.5,23.7,25.2
Guatavita,2120562,1034500,1023500,Guatavita,Emb. Tominé,1978,24.8,25.9,25.1,23.4,22.2,21.6,21.5,22,24,24.1,24,25.2
Guatavita,2120562,1034500,1023500,Guatavita,Emb. Tominé,1979,26,25,24.9,24.1,22.8,22.8,23.5,23.1,23.8,23.8,22.8,22.5
Guatavita,2120562,1034500,1023500,Guatavita,Emb. Tominé,1980,23.9,23.9,23,25.5,21.8,20.9,21.6,23,23.6,23,22.9,23.3
Guatavita,2120562,1034500,1023500,Guatavita,Emb. Tominé,1981,23,25.9,25.9,25,22,23.2,21,23,21.8,22.9,23.1,21.9
Guatavita,2120562,1034500,1023500,Guatavita,Emb. Tominé,1982,23.4,22.6,24,23,21.6,20.2,20.2,19.8,21.1,21.8,21.6,22.6
Guatavita,2120562,1034500,1023500,Guatavita,Emb. Tominé,1983,24.2,23.9,23.8,22.2,21.9,21.8,20,20.6,21,22.6,23,22
Guatavita,2120562,1034500,1023500,Guatavita,Emb. Tominé,1984,22.3,21.5,23.2,23.8,21.2,20.1,19.9,20.8,21,21.9,20.6,24
Guatavita,2120562,1034500,1023500,Guatavita,Emb. Tominé,1985,23.4,21.5,24.5,0,17,17,20,19.5,22,21,21.5,21
Guatavita,2120562,1034500,1023500,Guatavita,Emb. Tominé,1986,21,23,21,20.5,20.5,20.5,17.5,20,21,19.5,20.9,20.6
Guatavita,2120562,1034500,1023500,Guatavita,Emb. Tominé,1991,20.5,21.5,22.2,19,19.1,18,20.5,17.2,19,20.1,19,20
Guatavita,2120562,1034500,1023500,Guatavita,Emb. Tominé,1992,22.5,20.9,22.5,24,21.5,20.1,18.8,21,22.1,23.9,24,23
Guatavita,2120562,1034500,1023500,Guatavita,Emb. Tominé,1993,23,23.2,23,22.5,22,19.1,20,21,21.5,22,23.1,25.5
Guatavita,2120562,1034500,1023500,Guatavita,Emb. Tominé,1994,24.5,24.5,23.5,23.2,22,20.9,20,23,23.2,23,23.5,24.9
Guatavita,2120562,1034500,1023500,Guatavita,Emb. Tominé,1995,25.5,24.5,24.2,24,22.5,23,22.2,22.5,23,22.5,22.5,0
Guatavita,2120562,1034500,1023500,Guatavita,Emb. Tominé,1996,26.5,23.5,25.1,0,24.5,23,22.5,22,22.5,23.5,23.5,23
Guatavita,2120562,1034500,1023500,Guatavita,Emb. Tominé,1997,23.5,22,25.5,23.8,22.2,0,0,0,21.5,22.5,24,24
Guatavita,2120562,1034500,1023500,Guatavita,Emb. Tominé,1998,25,23,26,23,22.8,21,20.8,23,22,21.5,21.2,21
Guatavita,2120562,1034500,1023500,Guatavita,Emb. Tominé,1999,0,23,22.5,27,22,20,20,21,19,20.5,21,21
Guatavita,2120562,1034500,1023500,Guatavita,Emb. Tominé,2000,19.8,19.5,21,20.5,20,19.5,20,19.5,20,21.2,22,21.5
Guatavita,2120562,1034500,1023500,Guatavita,Emb. Tominé,2001,21.8,22.2,20,0,19.5,17.5,18,18,19.5,20.5,21,21
Guatavita,2120562,1034500,1023500,Guatavita,Emb. Tominé,2002,22.8,23,28.5,20,19.6,27,17.5,18.5,20,20,22,23.5
Guatavita,2120562,1034500,1023500,Guatavita,Emb. Tominé,2003,17,0,25.5,25.5,18,20,7.8,7.8,7.8,7.8,20.4,20.4
Guatavita,2120562,1034500,1023500,Guatavita,Emb. Tominé,2004,2.7,2,2,1.9,2.4,1.9,0,0,0,0,1.9,0
Guatavita,2120562,1034500,1023500,Guatavita,Emb. Tominé,2005,0,19.2,2.2,2,18.8,8,7.8,11.7,7.8,18.6,7.8,30.2
Guatavita,2120562,1034500,1023500,Guatavita,Emb. Tominé,2006,20,23,20,21,21.5,22,17.5,16.5,21.2,23,22.8,23
Guatavita,2120562,1034500,1023500,Guatavita,Emb. Tominé,2007,0,0,0,21.2,0,0,0,0,0,21.2,21.5,24.1
Guatavita,2120562,1034500,1023500,Guatavita,Emb. Tominé,2008,22.9,22.7,23.3,24.3,21.5,21.7,19.8,24.1,0,23.3,23.6,24
Guatavita,2120562,1034500,1023500,Guatavita,Emb. Tominé,2009,23,25.5,26.9,26.6,0,21.3,0,0,0,0,21.4,23
Guatavita,2120562,1034500,1023500,Guatavita,Emb. Tominé,2010,26.2,25.5,24.5,22.5,22.3,20.8,22.3,21.1,22.4,22.3,22.3,23.7
Guatavita,2120562,1034500,1023500,Guatavita,Emb. Tominé,2011,23.8,24.3,20.4,21.3,20.8,19.7,19.7,0,21.2,21.9,22.4,22.4
Guatavita,2120562,1034500,1023500,Guatavita,Emb. Tominé,2012,23.3,24.4,22.2,0,21.3,21.8,20.3,21.5,22.7,23.8,23.4,23.3
Guatavita,2120562,1034500,1023500,Guatavita,Emb. Tominé,2013,26,25.3,25.4,26.2,26.6,22.8,22.1,24.5,24.6,27.4,25.2,24.9
Guatavita,2120562,1034500,1023500,Guatavita,Emb. Tominé,2014,28.9,26.3,27.2,25.8,26.1,20.1,20.9,21.2,23.6,23.5,24,25
Guatavita,2120562,1034500,1023500,Guatavita,Emb. Tominé,2015,24.2,25.9,26,22.3,19.2,19.9,18.5,19,21.7,20,24.7,23.8
Guatavita,2120562,1034500,1023500,Guatavita,Emb. Tominé,2016,26,26,26.4,24.4,23.1,21.6,21.8,22.9,24.1,25,23.8,23.8
Guatavita,2120562,1034500,1023500,Guatavita,Emb. Tominé,2017,23.5,25.4,24.3,23.8,24.5,22.9,23.6,24.4,25.7,26.1,25.6,25.9
Guatavita,2120562,1034500,1023500,Guatavita,Emb. Tominé,2018,24.4,25.7,22.7,23.7,22.9,21.6,21.3,20.2,23.5,23.7,24.5,23.8
Guatavita,2120562,1034500,1023500,Guatavita,Emb. Tominé,2019,24.6,24.9,0,0,0,0,0,0,0,0,0,0
Guaduas,2306517,1015420,942300,Guadas,R. Negro,2000,0,31,30,31.5,30,0,31,33,31,33,29,31
Guaduas,2306517,1015420,942300,Guadas,R. Negro,2001,30,33,30,33.5,30,0,33.5,37.5,35,32.5,33,33.5
Guaduas,2306517,1015420,942300,Guadas,R. Negro,2002,34.5,40,35,0,0,0,0,0,0,0,0,0
Guaduas,2306517,1015420,942300,Guadas,R. Negro,2003,0,0,0,34.5,34.5,32,0,35,35,31,31,34
Guaduas,2306517,1015420,942300,Guadas,R. Negro,2004,33,32,32,31,34,34,33,35,35,0,0,29
Guaduas,2306517,1015420,942300,Guadas,R. Negro,2005,28,28,0,30,30,36.3,31,32,32,21,20,21
Guaduas,2306517,1015420,942300,Guadas,R. Negro,2007,29,35,35,29,31,30.2,0,0,33,36.4,30.6,26.6
Guaduas,2306517,1015420,942300,Guadas,R. Negro,2008,29.4,33.1,30.9,31.1,27,29,29,31.5,30.3,30,28.5,28.5
Guaduas,2306517,1015420,942300,Guadas,R. Negro,2009,28,29,30.2,30.8,30.4,29,32,34,34.8,33,29.4,29.9
Guaduas,2306517,1015420,942300,Guadas,R. Negro,2010,33,34.1,32,31.8,31.9,29.8,30.5,30.3,31.8,30.3,30.4,29.3
Guaduas,2306517,1015420,942300,Guadas,R. Negro,2011,30.3,30.7,31.8,30.8,31.9,32,31.5,32.6,32.2,32,30.3,30
Guaduas,2306517,1015420,942300,Guadas,R. Negro,2012,31.7,31.2,32.4,32.5,32.5,34.7,34.8,35.6,36.1,34.4,31.2,31.8
Guaduas,2306517,1015420,942300,Guadas,R. Negro,2013,33.2,30.9,32.5,33.9,30.6,32.5,34.1,34.8,35.2,32.8,32.1,32.8
Guaduas,2306517,1015420,942300,Guadas,R. Negro,2014,31.5,32.3,32.1,31.9,31.2,35.1,36.9,35.5,35.9,33.6,30.6,32
Guaduas,2306517,1015420,942300,Guadas,R. Negro,2015,33,32.3,33.6,33.6,33.5,34.5,36.2,37,37.4,35.8,31.9,35.6
Guaduas,2306517,1015420,942300,Guadas,R. Negro,2016,0,35,35.8,34.4,33.8,32.4,34.6,36.3,35.5,32.3,31.4,29.5
Guaduas,2306517,1015420,942300,Guadas,R. Negro,2017,32,33.1,30.7,32.1,31.9,32.4,35.2,34.6,34.6,33,30.8,31.2
Guaduas,2306517,1015420,942300,Guadas,R. Negro,2018,31.1,31.5,32.6,32.2,33,32.8,33.8,35.7,33.1,30.1,30.1,30.1
La Esperanza,2120647,1012750,961000,La Mesa,R. Apulo,1993,0,0,0,0,0,0,25.2,26.2,25,25,23.5,24.9
La Esperanza,2120647,1012750,961000,La Mesa,R. Apulo,1994,28.5,25,25.1,26,25.9,25.1,26,26,27,25,25,0
La Esperanza,2120647,1012750,961000,La Mesa,R. Apulo,1995,26,27,26.2,25.8,25.2,25.5,25.5,25,25.5,25.9,25,25
La Esperanza,2120647,1012750,961000,La Mesa,R. Apulo,1996,24.9,24.8,25,24.8,25.2,25,24.5,26.5,27,26,24.2,25
La Esperanza,2120647,1012750,961000,La Mesa,R. Apulo,1997,25.5,25.8,26.5,26,26.5,26.5,27.2,28.2,0,0,25.2,27
La Esperanza,2120647,1012750,961000,La Mesa,R. Apulo,1998,26,27.5,26,25.8,25.5,25,25,25.2,25.2,0,22.5,23.9
La Esperanza,2120647,1012750,961000,La Mesa,R. Apulo,1999,0,25,26.5,26.5,26.5,26,27.5,28,29.5,29,29,28
La Esperanza,2120647,1012750,961000,La Mesa,R. Apulo,2000,27,29,24.8,26,24,25.5,26,26.5,25.2,25.5,25,27.5
La Esperanza,2120647,1012750,961000,La Mesa,R. Apulo,2001,27,27,29,30,33,31,31.5,33,32,31,29.8,25.9
La Esperanza,2120647,1012750,961000,La Mesa,R. Apulo,2002,26.1,27.1,28,26.1,26,25,25.5,30.3,29.5,28.5,26,27
La Esperanza,2120647,1012750,961000,La Mesa,R. Apulo,2003,28.2,28,28,27,25,24.2,29,,29.5,30,25,22
La Esperanza,2120647,1012750,961000,La Mesa,R. Apulo,2004,22,28,33,33,36,32,30.5,24,25,24,24,24.5
La Esperanza,2120647,1012750,961000,La Mesa,R. Apulo,2005,25,25,0,0,0,0,0,0,0,0,0,26
La Esperanza,2120647,1012750,961000,La Mesa,R. Apulo,2006,25.5,0,0,0,0,0,0,0,0,0,0,0
La Esperanza,2120647,1012750,961000,La Mesa,R. Apulo,2007,29,29,29,27.8,0,0,26,28,30,31,30,27
La Esperanza,2120647,1012750,961000,La Mesa,R. Apulo,2008,28,27.9,30,29.5,29,28,29.8,29,31,29.5,28.1,28.5
La Esperanza,2120647,1012750,961000,La Mesa,R. Apulo,2009,28.5,28.5,28,0,0,0,0,30,35,31,29,31
La Esperanza,2120647,1012750,961000,La Mesa,R. Apulo,2010,30,29.9,29.9,27.5,29,26.8,27,27.5,27,27.5,26,26.5
La Esperanza,2120647,1012750,961000,La Mesa,R. Apulo,2011,27.5,27.8,27,27,27.5,28,29,32,28,26,26.5,26.9
La Esperanza,2120647,1012750,961000,La Mesa,R. Apulo,2012,27.5,27.1,27,26.9,27,28,28.3,29,30.4,29.3,28.7,29
La Esperanza,2120647,1012750,961000,La Mesa,R. Apulo,2013,0,0,0,0,24.9,25.5,25.9,26.5,27.2,26.5,25,0
La Esperanza,2120647,1012750,961000,La Mesa,R. Apulo,2014,25.9,26,26,28.5,27.5,27.5,28.5,29,28.9,28,27.1,26.2
La Esperanza,2120647,1012750,961000,La Mesa,R. Apulo,2015,28,27,27,27,27.5,26.4,28,29.3,28,28.7,26.3,0
La Esperanza,2120647,1012750,961000,La Mesa,R. Apulo,2016,26.8,28.9,29,28,29.2,24.2,29.5,28,25.3,29.2,27.4,27.6
La Esperanza,2120647,1012750,961000,La Mesa,R. Apulo,2017,28.3,29.7,28.7,29.3,29.1,28.1,29.4,31.7,29.4,29.3,27.3,29
La Esperanza,2120647,1012750,961000,La Mesa,R. Apulo,2018,29.3,30.5,29.1,29.1,29,28.6,27.8,31,32,30.9,28,27.8
Esc Vocacional Pacho,2306507,1061600,988700,Pacho,R. Negro,1966,0,0,0,0,0,23.4,24,25.5,25.3,25,24.3,23.8
Esc Vocacional Pacho,2306507,1061600,988700,Pacho,R. Negro,1967,25,24.7,25.3,25.8,25.9,23.3,24.5,26,27.2,27,24.1,27.2
Esc Vocacional Pacho,2306507,1061600,988700,Pacho,R. Negro,1968,25,24.8,25,25,24,24.5,25,26,25,25,23.8,23.4
Esc Vocacional Pacho,2306507,1061600,988700,Pacho,R. Negro,1969,23.5,28.4,24.2,23.5,24.8,25,27.4,28.2,29,27.5,25.8,25.6
Esc Vocacional Pacho,2306507,1061600,988700,Pacho,R. Negro,1970,27.5,24,25.5,24.8,23,23.9,24,22.9,24,22.2,22.1,22.6
Esc Vocacional Pacho,2306507,1061600,988700,Pacho,R. Negro,1971,22.3,22.1,21.8,22.1,22.1,23,23.9,22.1,24.3,24.8,21.8,22.2
Esc Vocacional Pacho,2306507,1061600,988700,Pacho,R. Negro,1972,21.9,25.9,24.7,25.2,25,27.3,25.3,26.7,25.5,25.8,24.3,25.1
Esc Vocacional Pacho,2306507,1061600,988700,Pacho,R. Negro,1973,25.6,25.2,26,24.9,25,25,24.2,23,22.1,23.1,22.5,20.9
Esc Vocacional Pacho,2306507,1061600,988700,Pacho,R. Negro,1974,22,21,22,26,25.3,24.1,23.9,25.4,21.9,25,21.4,23
Esc Vocacional Pacho,2306507,1061600,988700,Pacho,R. Negro,1975,25.6,22,23,21.9,21.6,23.7,24,24,23.6,22.9,22.9,21.2
Esc Vocacional Pacho,2306507,1061600,988700,Pacho,R. Negro,1976,23,22.2,24,23.9,25.1,24.2,25.6,25,26.5,23.9,24,26.8
Esc Vocacional Pacho,2306507,1061600,988700,Pacho,R. Negro,1977,26,24.9,28.9,25.5,24.1,25.8,26,26.4,25.6,25,24,24.9
Esc Vocacional Pacho,2306507,1061600,988700,Pacho,R. Negro,1978,27.8,26.9,24.6,24.9,26.8,24.9,26,27,25.3,26.5,0,23.5
Esc Vocacional Pacho,2306507,1061600,988700,Pacho,R. Negro,1979,23.2,24.9,24,26.6,26,24.8,27.4,25.9,25.2,26.9,24.6,25.2
Esc Vocacional Pacho,2306507,1061600,988700,Pacho,R. Negro,1980,0,23.1,25.8,24.9,24.1,25.1,25.8,26.9,27.6,24.2,22.8,23.2
Esc Vocacional Pacho,2306507,1061600,988700,Pacho,R. Negro,1981,23.8,26.8,26.6,22.2,25.3,25.9,24,24.9,27.1,23,22.6,25
Esc Vocacional Pacho,2306507,1061600,988700,Pacho,R. Negro,1982,23,22,22.6,22.2,23.4,24.9,25.8,26.5,26,22.1,22.9,22.4
Esc Vocacional Pacho,2306507,1061600,988700,Pacho,R. Negro,1983,24,24.9,23.1,22,23.2,26.6,25.5,0,0,0,22,0
Esc Vocacional Pacho,2306507,1061600,988700,Pacho,R. Negro,1984,20.9,21.3,23.5,22.6,25,24.2,23.5,22.2,22.6,22,20.9,21.2
Esc Vocacional Pacho,2306507,1061600,988700,Pacho,R. Negro,1985,21.8,26,24,23.2,23.8,25,24.3,23.3,24.3,23.5,21,22.1
Esc Vocacional Pacho,2306507,1061600,988700,Pacho,R. Negro,1991,25.5,25,26,26,27.9,27.9,25,28,28,25,25.1,24
Esc Vocacional Pacho,2306507,1061600,988700,Pacho,R. Negro,1992,26,26,30,26.1,26.1,29,28.5,29,29,27.5,26,26.5
Esc Vocacional Pacho,2306507,1061600,988700,Pacho,R. Negro,1993,25.9,26.5,27.1,27,25.5,28,28.5,29.9,26.9,26.9,26,25.1
Esc Vocacional Pacho,2306507,1061600,988700,Pacho,R. Negro,1994,26,25.1,26.2,26,27,27.2,25.2,26,27.2,25.5,24,25
Esc Vocacional Pacho,2306507,1061600,988700,Pacho,R. Negro,1995,25.5,27,25.2,25.2,25,26,25.1,26.5,26,23.5,23,23.2
Esc Vocacional Pacho,2306507,1061600,988700,Pacho,R. Negro,1996,24,25,25.5,26,25,25,24,23.8,25,25,25,26
Esc Vocacional Pacho,2306507,1061600,988700,Pacho,R. Negro,1997,23.2,29,28,27,29,27,28.8,29,29.5,29.5,28,28.5
Esc Vocacional Pacho,2306507,1061600,988700,Pacho,R. Negro,1998,27.5,29.5,27.9,26,28,29,29.5,28,28.9,28,26.5,24.5
Esc Vocacional Pacho,2306507,1061600,988700,Pacho,R. Negro,1999,0,26.2,29,27.5,30.2,29.9,31.8,29.5,25.2,27.5,28,30.5
Esc Vocacional Pacho,2306507,1061600,988700,Pacho,R. Negro,2000,30.5,26.5,0,29.5,25,30,29.5,27.5,29,28,24.5,28.8
Esc Vocacional Pacho,2306507,1061600,988700,Pacho,R. Negro,2001,26.1,29.9,29,29,32,29,30,31.2,28,30,28.2,31
Esc Vocacional Pacho,2306507,1061600,988700,Pacho,R. Negro,2002,27,28,25,28,31,29.9,30.8,31,30.2,29.8,29,26
Esc Vocacional Pacho,2306507,1061600,988700,Pacho,R. Negro,2003,26,26,28.5,32,32,30,28,30,29,24,22,25
Esc Vocacional Pacho,2306507,1061600,988700,Pacho,R. Negro,2004,22,26,28,26,24,30,27,30,27,24,24,24
Esc Vocacional Pacho,2306507,1061600,988700,Pacho,R. Negro,2005,25,25,26,29,27,30,30,29,30,24,28,32
Esc Vocacional Pacho,2306507,1061600,988700,Pacho,R. Negro,2006,0,0,0,0,0,0,29,32.5,31,32,26,0
Esc Vocacional Pacho,2306507,1061600,988700,Pacho,R. Negro,2007,26.5,27,0,0,0,0,22.5,23,28,28,27,23.6
Esc Vocacional Pacho,2306507,1061600,988700,Pacho,R. Negro,2008,22.7,24.5,23.5,23,22.5,22.5,26,26,26.5,25.5,25,25.5
Esc Vocacional Pacho,2306507,1061600,988700,Pacho,R. Negro,2009,25,26,25.7,27.5,28.5,29,33,0,0,0,23.7,25
Esc Vocacional Pacho,2306507,1061600,988700,Pacho,R. Negro,2010,25,28,25.5,24.5,25.5,24.5,23.5,23.2,24,23.7,21.5,21.5
Esc Vocacional Pacho,2306507,1061600,988700,Pacho,R. Negro,2011,24,25,26.5,25,24.5,25,25.5,29,27.6,25,26,26.8
Esc Vocacional Pacho,2306507,1061600,988700,Pacho,R. Negro,2012,27,27,30,28.3,27.2,27.6,27.4,28.7,29.4,27,25.3,26.2
Esc Vocacional Pacho,2306507,1061600,988700,Pacho,R. Negro,2013,27,25.2,27,28.2,25.4,27.3,26.9,24,22.5,,25.5,25.4
Esc Vocacional Pacho,2306507,1061600,988700,Pacho,R. Negro,2014,25.6,25.9,24.7,27.4,26.3,27.9,28.5,28.1,26.5,25.9,25.7,27.4
Esc Vocacional Pacho,2306507,1061600,988700,Pacho,R. Negro,2015,33,26.1,26.6,27.7,28.9,28.4,30.9,30,31,29.2,27.6,29.3
Esc Vocacional Pacho,2306507,1061600,988700,Pacho,R. Negro,2016,27.4,27.3,28.3,26.7,28.9,26.7,29.5,29.8,28.3,26.9,25.9,25.9
Esc Vocacional Pacho,2306507,1061600,988700,Pacho,R. Negro,2017,25.1,26.9,25,25.4,27.1,26.8,27.9,26.3,27.1,27.4,25.5,25.9
Esc Vocacional Pacho,2306507,1061600,988700,Pacho,R. Negro,2018,26.8,25.8,28.1,25.6,26.6,27.9,28.5,26.6,27.3,25.5,25.5,24.1
Esc Vocacional Pacho,2306507,1061600,988700,Pacho,R. Negro,2019,27.7,26.4,0,0,0,0,0,0,0,0,0,0
Esc Samper Madrid,2120641,988200,948800,Apulo,R. Calandaima,1950,0,0,0,0,0,0,0,0,0,0,0,38
Esc Samper Madrid,2120641,988200,948800,Apulo,R. Calandaima,1991,35.1,35.5,35,36.1,34.2,35,35,37,38,35,33,34.5
Esc Samper Madrid,2120641,988200,948800,Apulo,R. Calandaima,1992,36.9,34.8,36.5,36.1,34.9,35,34.1,37,37.5,35.9,35,33.2
Esc Samper Madrid,2120641,988200,948800,Apulo,R. Calandaima,1993,33.8,36,36.1,35,35,34.1,36,36.2,35.2,36.8,33,0
Esc Samper Madrid,2120641,988200,948800,Apulo,R. Calandaima,1994,34.5,34,35,35,30,29,31,35,36.5,33.9,33,33.8
Esc Samper Madrid,2120641,988200,948800,Apulo,R. Calandaima,1995,35,36,36,34.9,34,33,33.5,34,34.9,34,35.5,36
Esc Samper Madrid,2120641,988200,948800,Apulo,R. Calandaima,1996,33,33.9,35,34.2,33.5,34.8,35.5,37,36.9,35,35.1,33.5
Esc Samper Madrid,2120641,988200,948800,Apulo,R. Calandaima,1997,34,37,37,35.2,35,35.5,37,37,37,37,37,36.8
Esc Samper Madrid,2120641,988200,948800,Apulo,R. Calandaima,1998,36,36,36,36,35,35,34.2,37,36,36,37,33
Esc Samper Madrid,2120641,988200,948800,Apulo,R. Calandaima,1999,36,35.5,34,33,33,34,36,39,37,35,36,35
Esc Samper Madrid,2120641,988200,948800,Apulo,R. Calandaima,2000,37,38,36,36,36,37,38,39,37.5,38,34.8,39
Esc Samper Madrid,2120641,988200,948800,Apulo,R. Calandaima,2001,0,36,38.2,37,37.5,39,41.1,42.1,40.9,42,37,33
Esc Samper Madrid,2120641,988200,948800,Apulo,R. Calandaima,2002,39.4,36.8,37.9,38.8,39.9,41.2,40.2,42.1,41.3,37.3,34.5,34.3
Esc Samper Madrid,2120641,988200,948800,Apulo,R. Calandaima,2003,38.2,39.4,39.3,37.1,37.2,36.1,0,0,0,0,0,0
Esc Samper Madrid,2120641,988200,948800,Apulo,R. Calandaima,2005,0,0,0,0,0,0,37,37,36,35,0,0
Esc Samper Madrid,2120641,988200,948800,Apulo,R. Calandaima,2006,0,0,0,0,0,0,0,0,0,0,32.3,35
Esc Samper Madrid,2120641,988200,948800,Apulo,R. Calandaima,2007,36,37.5,37,35,0,0,0,0,0,0,30,33.3
Esc Samper Madrid,2120641,988200,948800,Apulo,R. Calandaima,2008,33,34,33,34.5,34.3,34.4,35.5,35,37,34,0,36
Esc Samper Madrid,2120641,988200,948800,Apulo,R. Calandaima,2009,36,36,35,36,36,0,0,36,39,39.5,34.8,36
Esc Samper Madrid,2120641,988200,948800,Apulo,R. Calandaima,2010,38,39,37.8,36.8,36.5,35,35,34.9,34.5,33,32.5,31
Esc Samper Madrid,2120641,988200,948800,Apulo,R. Calandaima,2011,34,33,34,35,35,36,37.1,34,35,35,33,33.1
Esc Samper Madrid,2120641,988200,948800,Apulo,R. Calandaima,2012,34.5,36,37,37.8,37,39.2,39.5,39.8,39.5,38.2,37,37.8
Esc Samper Madrid,2120641,988200,948800,Apulo,R. Calandaima,2013,41,0,0,0,0,0,0,24,42,44,44,0
Esc Samper Madrid,2120641,988200,948800,Apulo,R. Calandaima,2014,0,0,36,36,35,35,37,37.5,0,0,35.8,36
Esc Samper Madrid,2120641,988200,948800,Apulo,R. Calandaima,2015,37.2,37,38,39,38.9,36.9,39,38.1,39.8,0,0,0
Esc Samper Madrid,2120641,988200,948800,Apulo,R. Calandaima,2016,0,0,36.2,36,37,35.2,38,36.1,38.1,35,0,0
Esc Samper Madrid,2120641,988200,948800,Apulo,R. Calandaima,2017,0,0,0,0,0,0,0,0,0,38,36,36.8
Esc Samper Madrid,2120641,988200,948800,Apulo,R. Calandaima,2018,37.2,37.7,38,36.3,36,36.1,38.7,38,39,38.3,36.2,37.4
Esc Samper Madrid,2120641,988200,948800,Apulo,R. Calandaima,2019,38.3,39.3,38,38,38,37.2,0,0,0,0,0,0
Doña Juana,2120630,992300,993700,Santafe de Bogotá,R. Tunjuelo,1991,21,21.1,20.8,20,17.9,17.8,16,17.5,18.5,19,19.9,21.1
Doña Juana,2120630,992300,993700,Santafe de Bogotá,R. Tunjuelo,1992,22.2,23.1,23,21.9,21.2,19,17,19,19.5,21,21,20.1
Doña Juana,2120630,992300,993700,Santafe de Bogotá,R. Tunjuelo,1993,20.1,21,0,0,0,0,0,0,20,21.2,20.1,22
Doña Juana,2120630,992300,993700,Santafe de Bogotá,R. Tunjuelo,1994,21,20.8,20,20,19.5,18,18.9,18.8,21,22,21,21
Doña Juana,2120630,992300,993700,Santafe de Bogotá,R. Tunjuelo,1995,22,22,21.5,22,20,20,20,21,21.5,21.2,22,22
Doña Juana,2120630,992300,993700,Santafe de Bogotá,R. Tunjuelo,1996,20.5,20,20,20.8,19,18.2,19,18,20,19.2,19,18.8
Doña Juana,2120630,992300,993700,Santafe de Bogotá,R. Tunjuelo,1997,19,18.5,20.8,21,22,19,18,20.8,20.8,20.8,21,22
Doña Juana,2120630,992300,993700,Santafe de Bogotá,R. Tunjuelo,1998,23.5,24,23.5,23.5,21,20,19.5,22.5,23,23,22.5,0
Doña Juana,2120630,992300,993700,Santafe de Bogotá,R. Tunjuelo,1999,0,0,19,20,19,17,0,17,0,0,0,0
Doña Juana,2120630,992300,993700,Santafe de Bogotá,R. Tunjuelo,2000,0,0,0,0,0,0,0,17,18,19,0,0
Doña Juana,2120630,992300,993700,Santafe de Bogotá,R. Tunjuelo,2001,22,21,21.5,23,20,18.8,21,19,21,22,21,23
Doña Juana,2120630,992300,993700,Santafe de Bogotá,R. Tunjuelo,2002,23,23,24,21,20,18.5,19,18.6,20,19,0,23
Doña Juana,2120630,992300,993700,Santafe de Bogotá,R. Tunjuelo,2003,22,22,21,19,20,33,0,0,0,0,0,0
Doña Juana,2120630,992300,993700,Santafe de Bogotá,R. Tunjuelo,2004,0,0,0,0,0,0,0,16,18.5,21,20,21
Doña Juana,2120630,992300,993700,Santafe de Bogotá,R. Tunjuelo,2005,18,0,0,0,0,0,0,0,0,0,0,0
Doña Juana,2120630,992300,993700,Santafe de Bogotá,R. Tunjuelo,2006,20,23,21,22,20,19,19,20,20.5,19,20,20
Doña Juana,2120630,992300,993700,Santafe de Bogotá,R. Tunjuelo,2007,21,21,126,21,0,0,0,0,0,16,16,16
Doña Juana,2120630,992300,993700,Santafe de Bogotá,R. Tunjuelo,2008,21,20,20,20.2,20,19,17.9,18.9,20,20.2,20,20
Doña Juana,2120630,992300,993700,Santafe de Bogotá,R. Tunjuelo,2009,19.5,21,21,22,19,18,18,19,19.5,22,21.9,20.5
Doña Juana,2120630,992300,993700,Santafe de Bogotá,R. Tunjuelo,2010,20,21,19.9,18.5,18.9,17.8,16.5,17.2,15.5,17.2,17.8,18.1
Doña Juana,2120630,992300,993700,Santafe de Bogotá,R. Tunjuelo,2011,18.9,18,18,19.1,17.5,18,16.5,18.5,19.1,18.1,18.1,18
Doña Juana,2120630,992300,993700,Santafe de Bogotá,R. Tunjuelo,2012,18.2,17.1,17.7,19.2,17,19.9,18.7,19.2,20.5,21.8,20.7,21.4
Doña Juana,2120630,992300,993700,Santafe de Bogotá,R. Tunjuelo,2013,0,0,0,0,0,0,0,30,20.5,24,25,0
Doña Juana,2120630,992300,993700,Santafe de Bogotá,R. Tunjuelo,2014,20.6,22.6,20.7,20.7,20.7,18.3,18.1,18.3,20.4,22.1,20.6,19.7
Doña Juana,2120630,992300,993700,Santafe de Bogotá,R. Tunjuelo,2015,21,21.2,21.3,29,22,17.7,17.8,18.1,21,21.4,19,18.5
Doña Juana,2120630,992300,993700,Santafe de Bogotá,R. Tunjuelo,2016,0,22.4,23.6,23.4,20.3,17.7,18.6,18.6,0,0,22.6,22.8
Doña Juana,2120630,992300,993700,Santafe de Bogotá,R. Tunjuelo,2017,22.6,24.7,21.9,20.6,21.8,20.8,17.6,20.1,20.8,20.8,21.2,20.7
Doña Juana,2120630,992300,993700,Santafe de Bogotá,R. Tunjuelo,2018,19.8,21.1,21.2,20,19.5,17.7,19.2,19,21.2,21.9,22.6,20.5
Doña Juana,2120630,992300,993700,Santafe de Bogotá,R. Tunjuelo,2019,23.7,24.7,24.4,23.2,21.9,20,0,0,0,0,0,0
Checua,2120540,1057500,1024110,Nemocón,R. Checua,1961,25.4,22.3,25,23,20.6,20.6,19.2,20.7,0,21.9,20,21.1
Checua,2120540,1057500,1024110,Nemocón,R. Checua,1964,24,24.6,24,22.1,23.1,19.5,19,22,21,22,21.5,23
Checua,2120540,1057500,1024110,Nemocón,R. Checua,1965,23.6,25,25,22,20,19.2,18.3,21,21.7,22,21.8,21
Checua,2120540,1057500,1024110,Nemocón,R. Checua,1966,23.2,25.4,25.6,24.3,20.6,22.2,20.4,20.7,21.6,22,21.3,22.3
Checua,2120540,1057500,1024110,Nemocón,R. Checua,1967,22.5,24.3,24.1,20.4,20.3,20,19.4,20.2,20,21.1,23,23.4
Checua,2120540,1057500,1024110,Nemocón,R. Checua,1968,22,24,22.5,20.5,20,19.8,17.2,18,21.8,20.3,20.5,22.1
Checua,2120540,1057500,1024110,Nemocón,R. Checua,1969,22.1,23.9,23,22.1,20,20.1,19.2,20,22.3,20,21.2,20.2
Checua,2120540,1057500,1024110,Nemocón,R. Checua,1970,21.5,22.4,24.7,20.6,20.4,20.9,19.3,19.5,19.6,20,20.6,19.5
Checua,2120540,1057500,1024110,Nemocón,R. Checua,1971,22.1,21,24.3,22.9,20.7,20,19.9,20.7,22.8,22.8,22.4,22
Checua,2120540,1057500,1024110,Nemocón,R. Checua,1972,22.6,23,24.3,22.1,21,20,22,21,21.7,23.1,25,25.3
Checua,2120540,1057500,1024110,Nemocón,R. Checua,1973,24.9,27.1,24.9,25.2,22,20.8,20.9,21,20.3,20.5,20.7,22
Checua,2120540,1057500,1024110,Nemocón,R. Checua,1974,22.3,21.9,24,20.9,19.5,21,20,20,21,23,22.6,23.5
Checua,2120540,1057500,1024110,Nemocón,R. Checua,1975,25,23.7,22.8,23.8,20.5,19.1,21.2,21.2,20.7,23.5,21.2,23.6
Checua,2120540,1057500,1024110,Nemocón,R. Checua,1976,23,25.6,23.8,21.8,19.4,19.8,18,21.3,22.9,22.5,21.9,23.8
Checua,2120540,1057500,1024110,Nemocón,R. Checua,1977,26.4,23.9,25.6,24,22,21.9,20.6,22.8,21.9,21.6,22.8,25.9
Checua,2120540,1057500,1024110,Nemocón,R. Checua,1978,23.6,24.2,24.6,21.9,20.8,20,20.8,21.4,22,22.6,20.6,22.6
Checua,2120540,1057500,1024110,Nemocón,R. Checua,1979,22.3,21.2,20.4,20.1,17.9,18.1,20.1,19.2,19.1,20.2,19.5,20
Checua,2120540,1057500,1024110,Nemocón,R. Checua,1980,20.1,21,20.6,22.8,18.7,16.9,17.2,17.9,19.9,20,19.9,20.8
Checua,2120540,1057500,1024110,Nemocón,R. Checua,1981,20.8,21.1,23.6,22,20.9,20.4,19.8,21.8,22,22.6,23.1,22.1
Checua,2120540,1057500,1024110,Nemocón,R. Checua,1982,24,23.2,24.1,22.8,21,19,18.2,18.3,21.3,20,21,20.6
Checua,2120540,1057500,1024110,Nemocón,R. Checua,1983,23.8,24,22.8,20.9,19.5,19.9,19.5,20,20.9,22,22.8,22.8
Checua,2120540,1057500,1024110,Nemocón,R. Checua,1984,22.2,21.8,24.9,23.5,21.5,20.5,20.9,20.9,22.9,22,21.4,23.8
Checua,2120540,1057500,1024110,Nemocón,R. Checua,1985,24,22.1,24,22,21.5,20.1,21.9,21.6,23,23.3,22.9,24.4
Checua,2120540,1057500,1024110,Nemocón,R. Checua,1991,26.5,26,25,24.1,22,21,19,19,22.5,22.8,21.2,23.2
Checua,2120540,1057500,1024110,Nemocón,R. Checua,1992,26.1,26.2,27,26.1,23.1,21,19.9,20.9,22,22.2,23,24
Checua,2120540,1057500,1024110,Nemocón,R. Checua,1993,24,25,26.1,23.2,25.1,20.1,21.5,23.2,22.5,23,25,26
Checua,2120540,1057500,1024110,Nemocón,R. Checua,1994,25.1,25.1,26,25,25.1,22,23,24,25.5,24.5,23.5,25
Checua,2120540,1057500,1024110,Nemocón,R. Checua,1995,26.2,26,24.1,25.2,23,22,21,24,24,24,26,26.5
Checua,2120540,1057500,1024110,Nemocón,R. Checua,1996,24.5,23.2,25.5,24.8,24,24.2,25,23,24,20,23,23.8
Checua,2120540,1057500,1024110,Nemocón,R. Checua,1997,23.8,24,26.5,22.8,21.9,21.5,20,20,22.5,24,24,24.8
Checua,2120540,1057500,1024110,Nemocón,R. Checua,1998,25.5,27,26,25,24,21,21.2,23.8,24.5,25,24.5,24.5
Checua,2120540,1057500,1024110,Nemocón,R. Checua,1999,0,24,24,23,22,22,19,21,21,21.5,23,22.8
Checua,2120540,1057500,1024110,Nemocón,R. Checua,2000,24,24,25,22,21,21,20,20.5,23,21.5,24,24
Checua,2120540,1057500,1024110,Nemocón,R. Checua,2001,24,25,24,26.5,24.5,22,24.8,20,24,23,25,24
Checua,2120540,1057500,1024110,Nemocón,R. Checua,2002,25,27,28,25,26.5,28,22,23,25,27,23,24
Checua,2120540,1057500,1024110,Nemocón,R. Checua,2003,25.5,24,24,22.5,22,22,21,21,23,23,24,22
Checua,2120540,1057500,1024110,Nemocón,R. Checua,2004,23,24,24,21,18,20,22,20,22,22,22,24
Checua,2120540,1057500,1024110,Nemocón,R. Checua,2005,25,25,26,23,24,20,23,23,24,23,25,25
Checua,2120540,1057500,1024110,Nemocón,R. Checua,2006,24,26,21,22,19,20,21.5,21.5,22,23.5,22,24
Checua,2120540,1057500,1024110,Nemocón,R. Checua,2007,23.8,25.2,24,22.5,0,,21.5,20.5,20,22,21.5,22
Checua,2120540,1057500,1024110,Nemocón,R. Checua,2008,24.5,23,24,24,22,20,21,20.5,20,21,22.5,20
Checua,2120540,1057500,1024110,Nemocón,R. Checua,2009,19,24.5,31,24.2,23.5,22,21.7,23,22.5,25,25,24.5
Checua,2120540,1057500,1024110,Nemocón,R. Checua,2010,27,27.7,29,26.7,25.5,23,23,22.2,22,23.6,25,24
Checua,2120540,1057500,1024110,Nemocón,R. Checua,2011,26,25.8,22.5,23.7,21,24,21,22.7,23,22,23,23
Checua,2120540,1057500,1024110,Nemocón,R. Checua,2012,24,24.3,22.6,23.9,19.5,19.9,20.9,21.8,21.2,22.6,24.4,22.6
Checua,2120540,1057500,1024110,Nemocón,R. Checua,2013,24.6,24.3,24.7,25.2,24,21.6,21.9,18.6,21.6,23.9,24.3,23.3
Checua,2120540,1057500,1024110,Nemocón,R. Checua,2014,24.2,26,25.2,23.3,24.2,21.4,21.2,21.2,22.8,23.1,23.5,23
Checua,2120540,1057500,1024110,Nemocón,R. Checua,2015,21.3,21.6,23,22,24.8,23,21.1,20.5,19.9,24,22,22
Checua,2120540,1057500,1024110,Nemocón,R. Checua,2016,26.1,24.9,27.9,25.4,23.5,20.9,20.2,21.9,23.2,23.9,24.1,23.3
Checua,2120540,1057500,1024110,Nemocón,R. Checua,2017,24.7,25,24.6,22.8,25.8,23.3,23,22.8,24.5,24.9,24.6,24.5
Checua,2120540,1057500,1024110,Nemocón,R. Checua,2018,24,25.8,23.5,21.2,21,19.8,21.1,20.1,22,20.9,23.1,23.4
Carrizal,2401515,1067328,1034304,Cucunuba,Lag. Suesca,1965,19,20.5,20,18,15.9,15,14,14.6,16.8,17,17.8,17.5
Carrizal,2401515,1067328,1034304,Cucunuba,Lag. Suesca,1966,19.9,20,19.2,19.9,17,18.2,16,17,18.6,19.5,18.2,16.9
Carrizal,2401515,1067328,1034304,Cucunuba,Lag. Suesca,1967,16.5,19,20,16.7,15.9,15,15.7,16.6,16,17,19.8,18
Carrizal,2401515,1067328,1034304,Cucunuba,Lag. Suesca,1968,17.4,19,18,18.1,17,15.2,14.6,16,19,18,18.6,21.3
Carrizal,2401515,1067328,1034304,Cucunuba,Lag. Suesca,1969,21.4,24.3,22.2,21.8,20,20.6,17.8,20,23.8,21,22,21.5
Carrizal,2401515,1067328,1034304,Cucunuba,Lag. Suesca,1970,21.5,22.4,24.5,21.1,20.8,19.5,18.3,19.7,22.1,21.5,23.2,20.3
Carrizal,2401515,1067328,1034304,Cucunuba,Lag. Suesca,1971,21.9,21.2,23,21.2,20,18.2,18,18.3,20.8,21,21.1,19.9
Carrizal,2401515,1067328,1034304,Cucunuba,Lag. Suesca,1972,20.6,20.1,21.7,20.4,19.7,18.8,19.7,20,20.6,21.8,24.3,21.7
Carrizal,2401515,1067328,1034304,Cucunuba,Lag. Suesca,1973,22.9,26,22.8,24,20,20,19.7,20.1,21.2,21,21,21
Carrizal,2401515,1067328,1034304,Cucunuba,Lag. Suesca,1974,21,21.2,22.8,20,20,21.6,18,20.2,20.9,22.5,21.9,22.9
Carrizal,2401515,1067328,1034304,Cucunuba,Lag. Suesca,1975,22,24,23.5,23,20.8,19.9,20,20.1,22,23,22,22.6
Carrizal,2401515,1067328,1034304,Cucunuba,Lag. Suesca,1976,23,24.4,23.1,21,20.9,19.5,16.2,19,22,21.4,23,22
Carrizal,2401515,1067328,1034304,Cucunuba,Lag. Suesca,1977,25,22.8,24,23.4,20.4,20.8,19.2,20.8,18,20.9,22,25.9
Carrizal,2401515,1067328,1034304,Cucunuba,Lag. Suesca,1978,24,25,22.4,20.8,20.9,19.9,17.9,19,21.1,22.8,22,25.3
Carrizal,2401515,1067328,1034304,Cucunuba,Lag. Suesca,1979,25.4,23.1,23.5,21.9,20,20,20,20,21,22.4,23,23.8
Carrizal,2401515,1067328,1034304,Cucunuba,Lag. Suesca,1980,22.8,24.9,25,23.1,21.1,20.7,18.3,19,21.2,22.1,22.7,23.6
Carrizal,2401515,1067328,1034304,Cucunuba,Lag. Suesca,1981,23,23.9,24.4,22.5,21,19.5,18.6,19.9,20.9,21.6,22.4,21.9
Carrizal,2401515,1067328,1034304,Cucunuba,Lag. Suesca,1982,24,21.6,22,20.1,21,19,17.8,17.2,20.8,20.6,20.8,20.3
Carrizal,2401515,1067328,1034304,Cucunuba,Lag. Suesca,1983,23.5,23.5,0,0,19.9,20.5,19,0,19,21.5,22,22.5
Carrizal,2401515,1067328,1034304,Cucunuba,Lag. Suesca,1984,21.5,21,23,22,19.7,18,17.8,18.8,21.1,20.9,20.5,23
Carrizal,2401515,1067328,1034304,Cucunuba,Lag. Suesca,1985,25.1,22,23.8,20.7,19.9,18.2,18.8,18,20.8,20.3,20.9,21
Carrizal,2401515,1067328,1034304,Cucunuba,Lag. Suesca,1986,19.5,20.8,19.9,18,18.8,17.8,17,18.9,19.8,20.5,21.9,20.2
Carrizal,2401515,1067328,1034304,Cucunuba,Lag. Suesca,1991,25,24,24.1,22,22,22,18.1,19,20,21,20,21.1
Carrizal,2401515,1067328,1034304,Cucunuba,Lag. Suesca,1992,25,24.1,24.2,24,20.1,19,17.1,18.2,19.1,19,21,22.9
Carrizal,2401515,1067328,1034304,Cucunuba,Lag. Suesca,1993,23,23.5,0,0,0,0,0,0,0,0,0,0
Carrizal,2401515,1067328,1034304,Cucunuba,Lag. Suesca,1994,19.8,0,20,20,19.5,17.1,19.1,20,21.5,22,22.2,25
Carrizal,2401515,1067328,1034304,Cucunuba,Lag. Suesca,1995,20,20.5,22,22.1,21,21,21,21.9,21.9,21.5,23,22.5
Carrizal,2401515,1067328,1034304,Cucunuba,Lag. Suesca,1996,22.5,20.8,22,22,20.8,19.5,20,18,22,20.2,21.2,19.2
Carrizal,2401515,1067328,1034304,Cucunuba,Lag. Suesca,1997,20.8,20.2,23,20.5,20.2,20,17,16.8,17.8,21.5,21.2,22.5
Carrizal,2401515,1067328,1034304,Cucunuba,Lag. Suesca,1998,24,25,25,22.5,20,17,17.2,20.2,22.5,20,20,20.5
Carrizal,2401515,1067328,1034304,Cucunuba,Lag. Suesca,1999,0,21,21.5,20.8,20.5,20,19,19,19.5,20.5,21,21
Carrizal,2401515,1067328,1034304,Cucunuba,Lag. Suesca,2000,21.5,21,21.5,19.5,19,18.8,18.5,19,20.5,21,21.5,21.5
Carrizal,2401515,1067328,1034304,Cucunuba,Lag. Suesca,2001,22.5,22,22,23,23,27,18.3,19.3,19,28,26,24.9
Carrizal,2401515,1067328,1034304,Cucunuba,Lag. Suesca,2002,26.6,26,26,20,20.3,18.1,0,0,0,0,0,0
Carrizal,2401515,1067328,1034304,Cucunuba,Lag. Suesca,2003,0,0,0,0,0,16,0,0,0,0,0,0
Carrizal,2401515,1067328,1034304,Cucunuba,Lag. Suesca,2005,16,20,15,10,18,15,12,0,16,15,19,20
Carrizal,2401515,1067328,1034304,Cucunuba,Lag. Suesca,2012,19.2,20.3,19,18.8,17.3,17.9,18.2,18.4,18.2,20.3,21.1,17.9
Carrizal,2401515,1067328,1034304,Cucunuba,Lag. Suesca,2013,22.3,20.2,20.7,20.2,21,17.8,17.6,18.3,19.6,20.3,20.7,20.3
Carrizal,2401515,1067328,1034304,Cucunuba,Lag. Suesca,2014,20.2,21.5,20.9,23.2,19.2,0,0,16.9,19.4,19.3,19.9,19
Carrizal,2401515,1067328,1034304,Cucunuba,Lag. Suesca,2015,17.6,0,20.9,18.5,0,0,17.5,16.7,19.3,19.7,0,0
Carrizal,2401515,1067328,1034304,Cucunuba,Lag. Suesca,2016,0,0,23.9,22,19.3,17.2,17.5,18.4,19.9,20.5,20.4,19.6
Carrizal,2401515,1067328,1034304,Cucunuba,Lag. Suesca,2017,19.7,21.3,0,0,0,18.1,18.9,19.3,19.5,20.4,20.1,20.7
Carrizal,2401515,1067328,1034304,Cucunuba,Lag. Suesca,2018,19.8,21.7,0,0,17.5,15.4,17.1,16.7,19.1,20.2,20.4,21.5
Boquemonte,2120661,1000000,1000000,Soacha,R. Bogotá,2010,0,21,19.9,22,18.5,32.9,16.8,16,16,17.1,16,16.9
Boquemonte,2120661,1000000,1000000,Soacha,R. Bogotá,2011,16,15.9,16,15.8,18.5,19.1,18,19,20,0,0,0
Boquemonte,2120661,1000000,1000000,Soacha,R. Bogotá,2012,17.5,19.8,21.9,21.5,22.2,20.9,20.2,20.5,21.1,20.1,20.1,22.4
Boquemonte,2120661,1000000,1000000,Soacha,R. Bogotá,2013,0,0,0,0,0,0,0,0,17.9,0,0,0
Boquemonte,2120661,1000000,1000000,Soacha,R. Bogotá,2014,19.2,0,0,0,21.1,20.8,20.9,20.9,21.1,0,18.2,21
Boquemonte,2120661,1000000,1000000,Soacha,R. Bogotá,2015,20.1,20,21.5,21.5,21.2,21.2,20.1,21,22,20.8,17.5,21.5
Boquemonte,2120661,1000000,1000000,Soacha,R. Bogotá,2016,18,22.9,21,21.1,20.1,20,19.9,20.3,21.1,18,19.1,19.2
Boquemonte,2120661,1000000,1000000,Soacha,R. Bogotá,2017,20.9,20.9,21,19.9,21.5,22,21.8,21,21.2,21.8,20.2,22.3
Argelia,2120644,974200,925400,Ricaurte,R. Bogotá,1992,37.5,38,38.5,39.5,36,37.9,37.2,39.9,40,39,36.1,34.9
Argelia,2120644,974200,925400,Ricaurte,R. Bogotá,1993,34.5,36,37,35,34,36.2,38,37.9,36.1,0,0,0
Argelia,2120644,974200,925400,Ricaurte,R. Bogotá,1994,0,34.5,36,34.5,34.9,0,0,38.2,0,0,0,0
Argelia,2120644,974200,925400,Ricaurte,R. Bogotá,1995,0,0,0,34.9,35,34,36,38,39,38,36.1,39
Argelia,2120644,974200,925400,Ricaurte,R. Bogotá,1996,36,36.2,34,35.5,37,34,36.5,37,0,34,34.5,35
Argelia,2120644,974200,925400,Ricaurte,R. Bogotá,1997,36,33.5,0,35.8,35.5,37.5,37.5,38.2,38,38,36,37
Argelia,2120644,974200,925400,Ricaurte,R. Bogotá,1998,36.5,39,37,34.5,35,0,0,0,34,35,33,35
Argelia,2120644,974200,925400,Ricaurte,R. Bogotá,1999,34.5,36,35,38.5,35,35,35.5,37.5,36,34,33.1,34
Argelia,2120644,974200,925400,Ricaurte,R. Bogotá,2000,39,37,36.5,34.5,34.8,34,36,38,37,38,35,38
Argelia,2120644,974200,925400,Ricaurte,R. Bogotá,2001,38,38,35,35,36,37,37,39,36.8,37,35,35
Argelia,2120644,974200,925400,Ricaurte,R. Bogotá,2002,39,38.4,38.2,37,36,37.1,36.6,38.5,38.6,37.7,35.2,36
Argelia,2120644,974200,925400,Ricaurte,R. Bogotá,2003,39.5,40,40,39.5,38.5,37,39,40,40.5,38.5,39,36
Argelia,2120644,974200,925400,Ricaurte,R. Bogotá,2004,36,38,37.5,37.5,37,40.5,37.5,39,38.5,38,37,37.5
Argelia,2120644,974200,925400,Ricaurte,R. Bogotá,2005,38.5,39.5,39.5,40,36.5,37,39,39.5,40,41,35,36.5
Argelia,2120644,974200,925400,Ricaurte,R. Bogotá,2006,36,0,0,0,0,0,40,42,40,39,38,0
Argelia,2120644,974200,925400,Ricaurte,R. Bogotá,2007,40,41,41,36,35,36,37,38.4,39.2,37.8,36,36
Argelia,2120644,974200,925400,Ricaurte,R. Bogotá,2008,36,36,36,32.5,31,31,32.5,31,33,30,30.5,31
Argelia,2120644,974200,925400,Ricaurte,R. Bogotá,2009,31,32,32,32,34,33,35,35,35,35,32.5,33
Argelia,2120644,974200,925400,Ricaurte,R. Bogotá,2010,34.2,36.1,35,31,33.1,32,34,37,37.9,37,34.9,34.2
Argelia,2120644,974200,925400,Ricaurte,R. Bogotá,2011,35.5,35,35.5,35.8,36,36.8,39,37.5,34.9,37,36,36.5
Argelia,2120644,974200,925400,Ricaurte,R. Bogotá,2012,37.5,38,39.5,36.5,35.3,37.2,37.7,38.8,40.1,37.8,36.2,38.2
Argelia,2120644,974200,925400,Ricaurte,R. Bogotá,2013,37.5,38,0,0,0,0,0,40.2,40.3,37.5,36.9,36.8
Argelia,2120644,974200,925400,Ricaurte,R. Bogotá,2014,37,37.2,38,38.9,35.5,36.7,38.8,39.2,40,37.7,35.1,0
Argelia,2120644,974200,925400,Ricaurte,R. Bogotá,2015,0,0,0,0,37.8,37,38.5,40.1,40.5,39,39,42
Argelia,2120644,974200,925400,Ricaurte,R. Bogotá,2016,41,40,38.9,36.2,37.9,36.1,37.3,39.5,38.6,36.6,35.8,36.4
Argelia,2120644,974200,925400,Ricaurte,R. Bogotá,2017,36.4,39,38,37.6,36.8,37,0,0,38.8,36.9,35.6,36.8
Argelia,2120644,974200,925400,Ricaurte,R. Bogotá,2018,37.4,37.5,39.1,36.5,36,36,37.9,38.2,38.2,37.1,36.7,37.6
Apto Guaymaral,2120559,1023950,1001550,Santafe de Bogotá,R. Bogotá,1966,25,25,24.2,24.9,22.8,22.2,21.1,20.8,21.2,21,22.2,21.9
Apto Guaymaral,2120559,1023950,1001550,Santafe de Bogotá,R. Bogotá,1967,21.9,21.1,22.9,21,21.3,20,22.2,21.6,21,20.7,22,20.6
Apto Guaymaral,2120559,1023950,1001550,Santafe de Bogotá,R. Bogotá,1969,22.4,23.5,24.7,23.5,22.7,22,19.2,21.3,22.3,21.1,23.6,22.8
Apto Guaymaral,2120559,1023950,1001550,Santafe de Bogotá,R. Bogotá,1970,24,23.5,23,23.6,22.4,22,20.3,20.9,22.2,21.9,23.8,22.7
Apto Guaymaral,2120559,1023950,1001550,Santafe de Bogotá,R. Bogotá,1971,22.8,22,22.5,24,23.2,20.8,19.9,21.1,22,22.4,23.3,22.5
Apto Guaymaral,2120559,1023950,1001550,Santafe de Bogotá,R. Bogotá,1972,23,23.6,23.8,22.7,23.9,22,22.1,23.5,23.3,24.1,23.8,23.3
Apto Guaymaral,2120559,1023950,1001550,Santafe de Bogotá,R. Bogotá,1973,24.8,26.9,25.3,25.1,25.7,24,23.5,23.3,23.1,24.5,24.1,23.9
Apto Guaymaral,2120559,1023950,1001550,Santafe de Bogotá,R. Bogotá,1974,24.5,24,24,24.2,22.9,23.3,21.9,22,23,21.9,22,22
Apto Guaymaral,2120559,1023950,1001550,Santafe de Bogotá,R. Bogotá,1975,21.3,22,22,23.7,20.2,18.3,20,19.9,19.4,20.9,21,21
Apto Guaymaral,2120559,1023950,1001550,Santafe de Bogotá,R. Bogotá,1976,21.2,20.4,21.6,21,18.9,19,17.9,20.1,20.2,20.8,22.5,21.4
Apto Guaymaral,2120559,1023950,1001550,Santafe de Bogotá,R. Bogotá,1977,22.9,21.2,19,23.6,21.8,19.5,20.8,21.5,21.8,21.2,21.2,22.8
Apto Guaymaral,2120559,1023950,1001550,Santafe de Bogotá,R. Bogotá,1978,23.1,23,22,21,20.2,19,22.1,20.6,23,22.4,22.2,22.6
Apto Guaymaral,2120559,1023950,1001550,Santafe de Bogotá,R. Bogotá,1979,24,23.4,22.8,22.3,24.5,26,23.8,24,25.4,25,22.1,22.1
Apto Guaymaral,2120559,1023950,1001550,Santafe de Bogotá,R. Bogotá,1980,23.4,24.2,23,23,22.3,19.9,20.1,21.7,21.3,22.5,22.1,21.1
Apto Guaymaral,2120559,1023950,1001550,Santafe de Bogotá,R. Bogotá,1981,21.9,22.9,24,22.2,22,22,20.8,22,20.9,22.3,22.9,22
Apto Guaymaral,2120559,1023950,1001550,Santafe de Bogotá,R. Bogotá,1982,23.2,21.9,23,21.8,22,20.8,20.4,20.2,23.5,22,22.1,22.9
Apto Guaymaral,2120559,1023950,1001550,Santafe de Bogotá,R. Bogotá,1983,24,23.6,23.4,22.8,22.6,20.6,21.2,21,21.8,21.2,22.5,21.2
Apto Guaymaral,2120559,1023950,1001550,Santafe de Bogotá,R. Bogotá,1984,20.8,0,22.2,21.9,21.9,20,21.2,21.2,21.1,21.6,20.9,22
Apto Guaymaral,2120559,1023950,1001550,Santafe de Bogotá,R. Bogotá,1985,22.9,22.1,23,22.1,22.1,21,21.2,21.8,22.1,23.9,22.2,24
Apto Guaymaral,2120559,1023950,1001550,Santafe de Bogotá,R. Bogotá,1986,23.5,22.5,22.3,23.7,22.9,21.2,20,21.8,22.2,21.9,23,22
Apto Guaymaral,2120559,1023950,1001550,Santafe de Bogotá,R. Bogotá,1991,26,25,27,24.5,23,24,22,21.5,23.8,21.9,22.2,24.9
Apto Guaymaral,2120559,1023950,1001550,Santafe de Bogotá,R. Bogotá,1992,26,26.5,27,25.1,24.8,23.1,24,24,25.5,24.5,26,24.5
Apto Guaymaral,2120559,1023950,1001550,Santafe de Bogotá,R. Bogotá,1993,25,26.5,24,24.9,23.2,20.5,21.8,23,22.2,22.9,22,24
Apto Guaymaral,2120559,1023950,1001550,Santafe de Bogotá,R. Bogotá,1994,24.5,23,21.2,22,22.2,21,21,24,23.9,24.9,24.9,0
Apto Guaymaral,2120559,1023950,1001550,Santafe de Bogotá,R. Bogotá,1995,26,26.5,26,24.5,24.8,24,22,22.2,25,26,24.5,24.1
Apto Guaymaral,2120559,1023950,1001550,Santafe de Bogotá,R. Bogotá,1996,23.1,27,23.5,25,25,25,26,25,26,26,26,26
Apto Guaymaral,2120559,1023950,1001550,Santafe de Bogotá,R. Bogotá,1997,23.5,0,19.5,23.2,22,22,20,22.5,23,23.5,23,25
Apto Guaymaral,2120559,1023950,1001550,Santafe de Bogotá,R. Bogotá,1998,25,24.8,25,24,23,20,20,21.5,22.8,22.2,22,0
Apto Guaymaral,2120559,1023950,1001550,Santafe de Bogotá,R. Bogotá,1999,0,0,0,0,0,20,20,21,22.5,22,24,24.8
Apto Guaymaral,2120559,1023950,1001550,Santafe de Bogotá,R. Bogotá,2000,25,0,26,26,25,20,25,24.5,25,0,0,0
Apto Guaymaral,2120559,1023950,1001550,Santafe de Bogotá,R. Bogotá,2001,0,0,0,0,22,23,22.4,24,23,23,23.1,26.6
Apto Guaymaral,2120559,1023950,1001550,Santafe de Bogotá,R. Bogotá,2002,26,28,29,28,27.6,21.1,23.8,22.7,26,24,24,26
Apto Guaymaral,2120559,1023950,1001550,Santafe de Bogotá,R. Bogotá,2003,24,25,25.5,25,24,21.5,16.5,16.8,16,17,18,18
Apto Guaymaral,2120559,1023950,1001550,Santafe de Bogotá,R. Bogotá,2004,23.8,22,24,22.4,21,18,19,20.4,18,21.6,20.4,21.6
Apto Guaymaral,2120559,1023950,1001550,Santafe de Bogotá,R. Bogotá,2005,22,22,24,20,21,18,16.5,13.6,24.4,27.5,25,25.4
Apto Guaymaral,2120559,1023950,1001550,Santafe de Bogotá,R. Bogotá,2007,26.5,24.6,25,26,23,21,23.4,21.5,21.5,23,24.4,23.4
Apto Guaymaral,2120559,1023950,1001550,Santafe de Bogotá,R. Bogotá,2008,23,22.8,23.3,23.8,22.5,21.5,22,21.8,22,22,22.5,22.5
Apto Guaymaral,2120559,1023950,1001550,Santafe de Bogotá,R. Bogotá,2009,22.5,22.5,23,22.6,21,22.4,21.2,22.5,22,22.6,23,24
Apto Guaymaral,2120559,1023950,1001550,Santafe de Bogotá,R. Bogotá,2010,25.3,24.4,24.5,23.4,23.5,22.9,23.5,22.2,22,22.8,22.4,23.7
Apto Guaymaral,2120559,1023950,1001550,Santafe de Bogotá,R. Bogotá,2011,24,22.2,22,23,20.5,22.9,21.1,23,23,23.5,22,23.3
Apto Guaymaral,2120559,1023950,1001550,Santafe de Bogotá,R. Bogotá,2012,23.7,23,22,22.1,21,23.6,21,21.5,22.7,24.3,23.9,24.8
Apto Guaymaral,2120559,1023950,1001550,Santafe de Bogotá,R. Bogotá,2013,25,23,23,25,23,22,23,23,0,26.6,21.6,21.9
Apto Guaymaral,2120559,1023950,1001550,Santafe de Bogotá,R. Bogotá,2014,26.5,25.3,25.3,24.8,27.9,23.2,21.6,22.5,25.6,23.6,24.5,29.5
Apto Guaymaral,2120559,1023950,1001550,Santafe de Bogotá,R. Bogotá,2015,25.2,25.3,25,23.2,27.2,21.7,24.1,23.9,26.3,26.3,0,0
Apto Guaymaral,2120559,1023950,1001550,Santafe de Bogotá,R. Bogotá,2016,0,0,0,24.4,24.2,23.3,21.4,22.2,23.9,25.7,25.4,23.1
Apto Guaymaral,2120559,1023950,1001550,Santafe de Bogotá,R. Bogotá,2017,22.8,25,25.3,23.9,23.1,23.8,24.9,24.6,23.4,26.5,25.7,24.5
Apto Guaymaral,2120559,1023950,1001550,Santafe de Bogotá,R. Bogotá,2018,23.7,24.4,24.2,23.2,24,22,24.1,21.3,23.8,24.1,23.4,23.9
Apto Guaymaral,2120559,1023950,1001550,Santafe de Bogotá,R. Bogotá,2019,24.3,25.7,24.4,23.4,23,0,0,0,0,0,0,0
El Acomodo,2306516,1046310,971945,La Vega,R. Negro,2000,0,0,0,0,0,0,0,0,26,34.5,31.5,33.5
El Acomodo,2306516,1046310,971945,La Vega,R. Negro,2001,33.5,30.2,30,33,35,31,34,0,0,0,0,0
El Acomodo,2306516,1046310,971945,La Vega,R. Negro,2002,0,0,0,0,0,0,0,0,28.5,30,33.5,33.5
El Acomodo,2306516,1046310,971945,La Vega,R. Negro,2003,33.2,33,32.5,32,32,29.8,31,25.4,26.9,27.1,28.1,27.3
El Acomodo,2306516,1046310,971945,La Vega,R. Negro,2004,28.1,29.1,28.6,27.9,30.1,25.4,25.9,25.4,24.1,24.1,26.3,26.9
El Acomodo,2306516,1046310,971945,La Vega,R. Negro,2005,27.9,32,34,35,40,33,35,34,35.5,29.5,37,0
El Acomodo,2306516,1046310,971945,La Vega,R. Negro,2007,32,33,34.2,30.2,0,0,33.1,29.7,34.1,34.5,32.8,31.6
El Acomodo,2306516,1046310,971945,La Vega,R. Negro,2008,32.5,33.1,32.1,33.5,0,32.7,31.6,35.1,33.7,32.5,32.4,33.6
El Acomodo,2306516,1046310,971945,La Vega,R. Negro,2009,33.5,32.8,32.3,32.1,31,30.6,33,34,35.8,35,30.7,33.4
El Acomodo,2306516,1046310,971945,La Vega,R. Negro,2010,33,34,34,32,32.8,31,30.3,30.5,32.5,31.9,29.5,30.2
El Acomodo,2306516,1046310,971945,La Vega,R. Negro,2011,32,29,31,30,30,32,31,32,34,31.3,31,33.3
El Acomodo,2306516,1046310,971945,La Vega,R. Negro,2012,29.9,28.4,32,31,31.9,32.1,33.5,33.1,0,33.8,30.4,31.9
El Acomodo,2306516,1046310,971945,La Vega,R. Negro,2013,33.3,31.8,31.6,32.4,30.1,31.7,34.2,33.1,34.1,31.6,28.7,28.3
El Acomodo,2306516,1046310,971945,La Vega,R. Negro,2014,27.4,27.8,30.9,31.8,29.8,33.1,34.2,34.9,34.2,33.7,30.2,26.3
El Acomodo,2306516,1046310,971945,La Vega,R. Negro,2015,30.8,31.4,32.8,33.5,33.6,33.6,34.9,0,0,0,29.7,32.2
El Acomodo,2306516,1046310,971945,La Vega,R. Negro,2016,32.4,33.1,0,0,0,0,0,0,0,0,0,0
